Time_h,od_1,od_2,od_3,od_4,community
0,0.003,0.003,0.005,0,data_15a
0.108888888888889,0.003,0.003,0.004,0.002,data_15a
0.217777777777778,0.003,0.003,0.005,0.002,data_15a
0.326944444444444,0.003,0.004,0.005,0.002,data_15a
0.435833333333333,0.003,0.004,0.005,0.002,data_15a
0.544722222222222,0.003,0.004,0.005,0.003,data_15a
0.653611111111111,0.004,0.005,0.005,0.003,data_15a
0.7625,0.005,0.005,0.00600000000000001,0.004,data_15a
0.871666666666667,0.005,0.00600000000000001,0.00700000000000001,0.004,data_15a
0.980555555555556,0.00600000000000001,0.00700000000000001,0.00700000000000001,0.005,data_15a
1.08944444444444,0.00700000000000001,0.00800000000000001,0.00800000000000001,0.00600000000000001,data_15a
1.19861111111111,0.00800000000000001,0.00800000000000001,0.00900000000000001,0.00700000000000001,data_15a
1.3075,0.00900000000000001,0.01,0.01,0.00800000000000001,data_15a
1.41638888888889,0.01,0.011,0.012,0.00900000000000001,data_15a
1.52527777777778,0.012,0.013,0.014,0.012,data_15a
1.63416666666667,0.015,0.016,0.016,0.014,data_15a
1.74305555555556,0.017,0.019,0.019,0.017,data_15a
1.85194444444444,0.021,0.022,0.023,0.021,data_15a
1.96083333333333,0.025,0.026,0.027,0.024,data_15a
2.06972222222222,0.03,0.031,0.032,0.029,data_15a
2.17861111111111,0.035,0.037,0.037,0.034,data_15a
2.2875,0.042,0.043,0.044,0.041,data_15a
2.39666666666667,0.05,0.051,0.052,0.048,data_15a
2.50555555555556,0.058,0.061,0.061,0.058,data_15a
2.61472222222222,0.069,0.071,0.071,0.068,data_15a
2.72361111111111,0.082,0.084,0.084,0.081,data_15a
2.8325,0.095,0.096,0.096,0.092,data_15a
2.94166666666667,0.102,0.104,0.104,0.1,data_15a
3.05055555555556,0.11,0.113,0.113,0.108,data_15a
3.15944444444444,0.119,0.123,0.122,0.118,data_15a
3.26833333333333,0.126,0.126,0.127,0.123,data_15a
3.3775,0.13,0.13,0.131,0.127,data_15a
3.48638888888889,0.134,0.135,0.136,0.13,data_15a
3.59527777777778,0.136,0.137,0.138,0.131,data_15a
3.70416666666667,0.138,0.139,0.139,0.133,data_15a
3.81333333333333,0.14,0.139,0.141,0.135,data_15a
3.92222222222222,0.14,0.141,0.141,0.136,data_15a
4.03138888888889,0.14,0.14,0.142,0.135,data_15a
4.14027777777778,0.14,0.14,0.141,0.136,data_15a
4.24916666666667,0.142,0.141,0.143,0.137,data_15a
4.35833333333333,0.142,0.141,0.143,0.137,data_15a
4.46722222222222,0.142,0.141,0.142,0.136,data_15a
4.57611111111111,0.142,0.141,0.142,0.137,data_15a
4.68527777777778,0.143,0.143,0.145,0.139,data_15a
4.79416666666667,0.144,0.144,0.145,0.139,data_15a
4.90305555555556,0.144,0.143,0.146,0.14,data_15a
5.01222222222222,0.144,0.143,0.144,0.138,data_15a
5.12111111111111,0.144,0.144,0.145,0.14,data_15a
5.23027777777778,0.146,0.145,0.147,0.141,data_15a
5.33916666666667,0.146,0.145,0.147,0.142,data_15a
5.44833333333333,0.147,0.146,0.148,0.143,data_15a
5.55722222222222,0.146,0.146,0.148,0.142,data_15a
5.66611111111111,0.148,0.147,0.148,0.144,data_15a
5.77527777777778,0.148,0.148,0.149,0.144,data_15a
5.88416666666667,0.149,0.149,0.15,0.145,data_15a
5.99305555555556,0.15,0.15,0.152,0.146,data_15a
6.10222222222222,0.15,0.15,0.152,0.146,data_15a
6.21111111111111,0.151,0.15,0.151,0.147,data_15a
6.32027777777778,0.152,0.152,0.153,0.148,data_15a
6.42916666666667,0.152,0.152,0.154,0.148,data_15a
6.53833333333333,0.153,0.153,0.154,0.149,data_15a
6.64722222222222,0.154,0.153,0.156,0.15,data_15a
6.75638888888889,0.154,0.154,0.156,0.151,data_15a
6.86555555555556,0.156,0.156,0.157,0.152,data_15a
6.97444444444444,0.156,0.156,0.157,0.151,data_15a
7.08361111111111,0.157,0.157,0.159,0.153,data_15a
7.19277777777778,0.158,0.159,0.159,0.154,data_15a
7.30166666666667,0.159,0.159,0.161,0.155,data_15a
7.41083333333333,0.159,0.159,0.161,0.155,data_15a
7.51972222222222,0.16,0.161,0.162,0.157,data_15a
7.62888888888889,0.161,0.161,0.163,0.158,data_15a
7.73805555555555,0.162,0.162,0.165,0.158,data_15a
7.84694444444444,0.164,0.164,0.165,0.159,data_15a
7.95611111111111,0.165,0.164,0.165,0.161,data_15a
8.06527777777778,0.165,0.165,0.167,0.161,data_15a
8.17416666666667,0.167,0.166,0.168,0.162,data_15a
8.28333333333333,0.167,0.167,0.169,0.164,data_15a
8.39222222222222,0.169,0.168,0.171,0.165,data_15a
8.50138888888889,0.17,0.17,0.171,0.166,data_15a
8.61027777777778,0.171,0.171,0.173,0.167,data_15a
8.71944444444444,0.172,0.172,0.174,0.168,data_15a
8.82861111111111,0.173,0.174,0.176,0.169,data_15a
8.9375,0.176,0.175,0.176,0.171,data_15a
9.04666666666667,0.176,0.176,0.178,0.172,data_15a
9.15555555555556,0.177,0.177,0.178,0.173,data_15a
9.26472222222222,0.178,0.177,0.18,0.174,data_15a
9.37361111111111,0.178,0.178,0.18,0.174,data_15a
9.48277777777778,0.18,0.179,0.181,0.176,data_15a
9.59166666666667,0.18,0.179,0.182,0.176,data_15a
9.70083333333333,0.181,0.18,0.183,0.177,data_15a
9.80972222222222,0.183,0.183,0.185,0.179,data_15a
9.91888888888889,0.184,0.184,0.185,0.18,data_15a
10.0277777777778,0.185,0.185,0.187,0.181,data_15a
10.1369444444444,0.186,0.186,0.188,0.182,data_15a
10.2461111111111,0.188,0.186,0.189,0.183,data_15a
10.355,0.189,0.189,0.191,0.185,data_15a
10.4641666666667,0.19,0.19,0.193,0.186,data_15a
10.5733333333333,0.191,0.192,0.193,0.188,data_15a
10.6825,0.193,0.193,0.194,0.189,data_15a
10.7913888888889,0.193,0.194,0.195,0.189,data_15a
10.9002777777778,0.194,0.194,0.196,0.191,data_15a
11.0094444444444,0.195,0.196,0.197,0.191,data_15a
11.1186111111111,0.197,0.197,0.197,0.193,data_15a
11.2275,0.199,0.199,0.2,0.195,data_15a
11.3366666666667,0.199,0.199,0.201,0.194,data_15a
11.4455555555556,0.2,0.201,0.202,0.196,data_15a
11.5547222222222,0.201,0.201,0.202,0.196,data_15a
11.6638888888889,0.202,0.202,0.204,0.198,data_15a
11.7727777777778,0.203,0.204,0.205,0.198,data_15a
11.8819444444444,0.205,0.205,0.206,0.201,data_15a
11.9911111111111,0.206,0.206,0.207,0.201,data_15a
12.1002777777778,0.207,0.207,0.208,0.202,data_15a
12.2091666666667,0.208,0.207,0.208,0.202,data_15a
12.3183333333333,0.207,0.208,0.209,0.205,data_15a
12.4275,0.209,0.208,0.21,0.205,data_15a
12.5366666666667,0.209,0.21,0.211,0.206,data_15a
12.6455555555556,0.211,0.21,0.212,0.206,data_15a
12.7547222222222,0.211,0.211,0.211,0.206,data_15a
12.8636111111111,0.21,0.21,0.212,0.206,data_15a
12.9727777777778,0.211,0.211,0.212,0.207,data_15a
13.0816666666667,0.212,0.211,0.213,0.207,data_15a
13.1908333333333,0.211,0.21,0.212,0.206,data_15a
13.3,0.212,0.211,0.212,0.207,data_15a
13.4088888888889,0.211,0.211,0.213,0.206,data_15a
13.5180555555556,0.212,0.212,0.212,0.207,data_15a
13.6272222222222,0.213,0.211,0.212,0.208,data_15a
13.7361111111111,0.212,0.212,0.212,0.207,data_15a
13.8452777777778,0.213,0.211,0.212,0.208,data_15a
13.9544444444444,0.212,0.211,0.212,0.208,data_15a
14.0633333333333,0.212,0.211,0.213,0.207,data_15a
14.1725,0.212,0.212,0.213,0.207,data_15a
14.2816666666667,0.212,0.212,0.213,0.208,data_15a
14.3908333333333,0.213,0.212,0.213,0.208,data_15a
14.4997222222222,0.213,0.212,0.213,0.208,data_15a
14.6088888888889,0.213,0.212,0.213,0.208,data_15a
14.7180555555556,0.212,0.212,0.212,0.208,data_15a
14.8269444444444,0.213,0.212,0.214,0.208,data_15a
14.9361111111111,0.213,0.212,0.213,0.208,data_15a
15.045,0.213,0.212,0.214,0.208,data_15a
15.1541666666667,0.214,0.212,0.213,0.209,data_15a
15.2633333333333,0.214,0.213,0.214,0.209,data_15a
15.3722222222222,0.213,0.213,0.213,0.208,data_15a
15.4813888888889,0.214,0.213,0.213,0.208,data_15a
15.5905555555556,0.214,0.213,0.214,0.208,data_15a
15.6997222222222,0.214,0.213,0.213,0.209,data_15a
15.8088888888889,0.214,0.213,0.214,0.208,data_15a
15.9177777777778,0.215,0.213,0.214,0.208,data_15a
16.0269444444444,0.214,0.213,0.214,0.208,data_15a
16.1361111111111,0.215,0.213,0.214,0.21,data_15a
16.2452777777778,0.215,0.213,0.214,0.21,data_15a
16.3541666666667,0.215,0.213,0.215,0.21,data_15a
16.4633333333333,0.215,0.213,0.215,0.209,data_15a
16.5725,0.215,0.213,0.215,0.21,data_15a
16.6816666666667,0.215,0.214,0.215,0.21,data_15a
16.7908333333333,0.215,0.213,0.215,0.21,data_15a
16.8997222222222,0.216,0.214,0.215,0.21,data_15a
17.0088888888889,0.216,0.215,0.215,0.21,data_15a
17.1180555555556,0.216,0.214,0.215,0.21,data_15a
17.2269444444444,0.215,0.214,0.215,0.21,data_15a
17.3363888888889,0.216,0.215,0.216,0.211,data_15a
17.4455555555556,0.215,0.214,0.216,0.21,data_15a
17.5544444444444,0.216,0.215,0.215,0.211,data_15a
17.6636111111111,0.216,0.214,0.216,0.21,data_15a
17.7727777777778,0.216,0.215,0.217,0.211,data_15a
17.8819444444444,0.216,0.215,0.216,0.211,data_15a
17.9908333333333,0.216,0.215,0.216,0.211,data_15a
18.1,0.216,0.215,0.217,0.211,data_15a
18.2091666666667,0.217,0.216,0.217,0.212,data_15a
18.3180555555556,0.216,0.216,0.217,0.211,data_15a
18.4272222222222,0.217,0.216,0.216,0.212,data_15a
18.5363888888889,0.217,0.216,0.217,0.212,data_15a
18.6455555555556,0.218,0.217,0.217,0.212,data_15a
18.7547222222222,0.218,0.217,0.218,0.212,data_15a
18.8636111111111,0.218,0.216,0.218,0.212,data_15a
18.9727777777778,0.218,0.216,0.218,0.212,data_15a
19.0816666666667,0.218,0.217,0.218,0.213,data_15a
19.1908333333333,0.218,0.217,0.218,0.214,data_15a
19.3,0.218,0.217,0.218,0.212,data_15a
19.4091666666667,0.219,0.217,0.218,0.213,data_15a
19.5180555555556,0.219,0.217,0.219,0.213,data_15a
19.6272222222222,0.219,0.217,0.218,0.213,data_15a
19.7363888888889,0.219,0.217,0.219,0.213,data_15a
19.8455555555556,0.22,0.218,0.218,0.213,data_15a
19.9547222222222,0.22,0.219,0.219,0.212,data_15a
20.0638888888889,0.22,0.218,0.219,0.213,data_15a
20.1730555555556,0.221,0.219,0.219,0.213,data_15a
20.2819444444444,0.22,0.218,0.219,0.213,data_15a
20.3911111111111,0.22,0.218,0.219,0.213,data_15a
20.5002777777778,0.221,0.219,0.219,0.213,data_15a
20.6094444444444,0.221,0.219,0.22,0.214,data_15a
20.7186111111111,0.22,0.219,0.219,0.213,data_15a
20.8277777777778,0.22,0.219,0.219,0.214,data_15a
20.9366666666667,0.22,0.219,0.22,0.214,data_15a
21.0458333333333,0.22,0.219,0.219,0.215,data_15a
21.155,0.22,0.219,0.221,0.214,data_15a
21.2641666666667,0.22,0.219,0.22,0.215,data_15a
21.3733333333333,0.22,0.219,0.22,0.215,data_15a
21.4822222222222,0.22,0.219,0.22,0.214,data_15a
21.5913888888889,0.22,0.219,0.22,0.214,data_15a
21.7005555555556,0.22,0.219,0.22,0.215,data_15a
21.8097222222222,0.22,0.22,0.22,0.214,data_15a
21.9188888888889,0.221,0.219,0.22,0.214,data_15a
22.0277777777778,0.22,0.219,0.22,0.214,data_15a
22.1369444444444,0.22,0.219,0.22,0.215,data_15a
22.2461111111111,0.22,0.219,0.22,0.215,data_15a
22.3552777777778,0.221,0.219,0.22,0.214,data_15a
22.4644444444444,0.221,0.22,0.22,0.214,data_15a
22.5736111111111,0.221,0.22,0.221,0.215,data_15a
22.6827777777778,0.221,0.22,0.22,0.214,data_15a
22.7919444444444,0.221,0.22,0.22,0.214,data_15a
22.9008333333333,0.221,0.22,0.221,0.215,data_15a
23.01,0.221,0.22,0.22,0.214,data_15a
23.1191666666667,0.221,0.219,0.22,0.214,data_15a
23.2283333333333,0.221,0.22,0.221,0.215,data_15a
23.3372222222222,0.221,0.22,0.221,0.215,data_15a
23.4463888888889,0.221,0.22,0.221,0.215,data_15a
23.5555555555556,0.221,0.22,0.221,0.215,data_15a
23.6647222222222,0.221,0.22,0.221,0.214,data_15a
23.7738888888889,0.221,0.22,0.221,0.215,data_15a
23.8830555555556,0.221,0.22,0.221,0.214,data_15a
23.9922222222222,0.221,0.22,0.221,0.215,data_15a
24.1013888888889,0.221,0.22,0.221,0.215,data_15a
24.2105555555556,0.221,0.22,0.222,0.215,data_15a
24.3197222222222,0.221,0.22,0.221,0.215,data_15a
24.4286111111111,0.222,0.22,0.221,0.214,data_15a
24.5380555555556,0.221,0.22,0.221,0.215,data_15a
24.6472222222222,0.221,0.221,0.222,0.214,data_15a
24.7563888888889,0.222,0.22,0.221,0.215,data_15a
24.8652777777778,0.222,0.221,0.222,0.215,data_15a
24.9747222222222,0.222,0.221,0.221,0.215,data_15a
25.0838888888889,0.221,0.22,0.221,0.215,data_15a
25.1930555555556,0.222,0.221,0.222,0.214,data_15a
25.3022222222222,0.222,0.221,0.222,0.215,data_15a
25.4113888888889,0.222,0.221,0.221,0.215,data_15a
25.5205555555556,0.222,0.221,0.222,0.215,data_15a
25.6297222222222,0.222,0.221,0.222,0.215,data_15a
25.7386111111111,0.222,0.22,0.222,0.215,data_15a
25.8477777777778,0.222,0.221,0.222,0.215,data_15a
25.9569444444444,0.222,0.221,0.222,0.215,data_15a
26.0661111111111,0.222,0.221,0.222,0.215,data_15a
26.1752777777778,0.222,0.221,0.22,0.214,data_15a
26.2844444444444,0.222,0.221,0.221,0.215,data_15a
26.3936111111111,0.223,0.221,0.221,0.215,data_15a
26.5027777777778,0.222,0.221,0.222,0.215,data_15a
26.6119444444444,0.222,0.221,0.222,0.215,data_15a
26.7208333333333,0.223,0.222,0.222,0.216,data_15a
26.83,0.223,0.222,0.222,0.215,data_15a
26.9391666666667,0.223,0.221,0.222,0.215,data_15a
27.0483333333333,0.223,0.222,0.222,0.215,data_15a
27.1575,0.223,0.222,0.222,0.216,data_15a
27.2666666666667,0.223,0.221,0.222,0.216,data_15a
27.3758333333333,0.223,0.222,0.222,0.216,data_15a
27.485,0.223,0.221,0.222,0.215,data_15a
27.5941666666667,0.223,0.222,0.222,0.215,data_15a
27.7033333333333,0.223,0.222,0.222,0.216,data_15a
27.8125,0.224,0.222,0.222,0.216,data_15a
27.9216666666667,0.224,0.222,0.222,0.215,data_15a
28.0308333333333,0.223,0.222,0.222,0.216,data_15a
28.14,0.224,0.222,0.222,0.215,data_15a
28.2491666666667,0.223,0.222,0.222,0.216,data_15a
28.3583333333333,0.223,0.222,0.222,0.217,data_15a
28.4675,0.223,0.221,0.222,0.215,data_15a
28.5766666666667,0.223,0.222,0.223,0.216,data_15a
28.6858333333333,0.223,0.222,0.222,0.216,data_15a
28.795,0.224,0.222,0.222,0.216,data_15a
28.9041666666667,0.224,0.222,0.223,0.216,data_15a
29.0133333333333,0.223,0.222,0.223,0.215,data_15a
29.1225,0.223,0.222,0.222,0.215,data_15a
29.2316666666667,0.223,0.222,0.222,0.216,data_15a
29.3408333333333,0.224,0.222,0.222,0.216,data_15a
29.45,0.223,0.222,0.223,0.215,data_15a
29.5588888888889,0.223,0.222,0.222,0.215,data_15a
29.6680555555556,0.224,0.223,0.223,0.215,data_15a
29.7775,0.224,0.222,0.223,0.216,data_15a
29.8866666666667,0.224,0.223,0.224,0.216,data_15a
29.9958333333333,0.224,0.222,0.223,0.215,data_15a
30.105,0.224,0.222,0.223,0.215,data_15a
30.2141666666667,0.224,0.222,0.223,0.215,data_15a
30.3233333333333,0.224,0.222,0.224,0.216,data_15a
30.4325,0.224,0.222,0.223,0.216,data_15a
30.5416666666667,0.224,0.223,0.224,0.216,data_15a
30.6505555555556,0.224,0.223,0.223,0.216,data_15a
30.7597222222222,0.224,0.222,0.223,0.216,data_15a
30.8688888888889,0.225,0.223,0.224,0.216,data_15a
30.9780555555556,0.224,0.222,0.224,0.216,data_15a
31.0872222222222,0.224,0.222,0.223,0.216,data_15a
31.1963888888889,0.224,0.223,0.223,0.216,data_15a
31.3055555555556,0.225,0.223,0.224,0.216,data_15a
31.4147222222222,0.224,0.222,0.223,0.216,data_15a
31.5238888888889,0.224,0.223,0.223,0.216,data_15a
31.6330555555556,0.223,0.222,0.223,0.216,data_15a
31.7422222222222,0.224,0.223,0.223,0.216,data_15a
31.8513888888889,0.224,0.222,0.223,0.216,data_15a
31.9602777777778,0.224,0.223,0.223,0.216,data_15a
32.0694444444444,0.225,0.223,0.223,0.216,data_15a
32.1786111111111,0.225,0.223,0.223,0.216,data_15a
32.2877777777778,0.224,0.222,0.223,0.216,data_15a
32.3969444444444,0.225,0.223,0.223,0.215,data_15a
32.5061111111111,0.225,0.224,0.223,0.216,data_15a
32.6152777777778,0.225,0.223,0.224,0.216,data_15a
32.7244444444444,0.225,0.223,0.223,0.215,data_15a
32.8336111111111,0.224,0.222,0.223,0.216,data_15a
32.9427777777778,0.225,0.223,0.223,0.215,data_15a
33.0519444444444,0.225,0.223,0.223,0.215,data_15a
33.1611111111111,0.224,0.223,0.223,0.216,data_15a
33.2708333333333,0.225,0.223,0.223,0.215,data_15a
33.38,0.224,0.222,0.222,0.215,data_15a
33.4891666666667,0.224,0.222,0.223,0.216,data_15a
33.5983333333333,0.224,0.222,0.223,0.215,data_15a
33.7075,0.225,0.222,0.223,0.215,data_15a
33.8166666666667,0.224,0.222,0.223,0.216,data_15a
33.9258333333333,0.224,0.223,0.223,0.216,data_15a
34.035,0.225,0.223,0.223,0.215,data_15a
34.1441666666667,0.225,0.222,0.223,0.215,data_15a
34.2533333333333,0.225,0.223,0.223,0.216,data_15a
34.3625,0.226,0.223,0.223,0.216,data_15a
34.4716666666667,0.225,0.222,0.223,0.215,data_15a
34.5808333333333,0.225,0.222,0.223,0.215,data_15a
34.69,0.225,0.222,0.223,0.215,data_15a
34.7991666666667,0.225,0.223,0.223,0.215,data_15a
34.9083333333333,0.225,0.222,0.222,0.215,data_15a
35.0175,0.225,0.223,0.223,0.215,data_15a
35.1269444444444,0.225,0.222,0.223,0.215,data_15a
35.2361111111111,0.225,0.223,0.223,0.215,data_15a
35.3452777777778,0.224,0.222,0.222,0.214,data_15a
35.4544444444444,0.225,0.222,0.223,0.214,data_15a
35.5636111111111,0.224,0.222,0.223,0.215,data_15a
35.6727777777778,0.224,0.222,0.223,0.214,data_15a
35.7819444444444,0.224,0.222,0.223,0.215,data_15a
35.8911111111111,0.224,0.222,0.223,0.215,data_15a
36.0002777777778,0.224,0.223,0.223,0.215,data_15a
36.1094444444444,0.224,0.223,0.223,0.215,data_15a
36.2186111111111,0.223,0.222,0.222,0.214,data_15a
36.3277777777778,0.223,0.222,0.222,0.214,data_15a
36.4369444444444,0.224,0.222,0.224,0.215,data_15a
36.5461111111111,0.223,0.222,0.223,0.215,data_15a
36.6552777777778,0.224,0.222,0.222,0.214,data_15a
36.7644444444444,0.224,0.222,0.223,0.214,data_15a
36.8736111111111,0.224,0.222,0.223,0.214,data_15a
36.9827777777778,0.224,0.221,0.222,0.214,data_15a
37.0919444444444,0.225,0.222,0.222,0.214,data_15a
37.2011111111111,0.224,0.222,0.222,0.214,data_15a
37.3102777777778,0.224,0.221,0.222,0.214,data_15a
37.4194444444444,0.224,0.221,0.222,0.214,data_15a
37.5286111111111,0.224,0.221,0.222,0.213,data_15a
37.6377777777778,0.224,0.221,0.222,0.214,data_15a
37.7469444444444,0.224,0.222,0.222,0.214,data_15a
37.8561111111111,0.224,0.222,0.222,0.214,data_15a
37.9652777777778,0.223,0.221,0.222,0.214,data_15a
38.0744444444444,0.223,0.222,0.222,0.214,data_15a
38.1836111111111,0.223,0.221,0.222,0.214,data_15a
38.2927777777778,0.223,0.222,0.221,0.213,data_15a
38.4019444444444,0.223,0.222,0.222,0.213,data_15a
38.5111111111111,0.222,0.221,0.221,0.213,data_15a
38.6202777777778,0.222,0.221,0.221,0.213,data_15a
38.7294444444444,0.222,0.221,0.222,0.213,data_15a
38.8386111111111,0.222,0.221,0.221,0.213,data_15a
38.9477777777778,0.222,0.221,0.221,0.212,data_15a
39.0569444444444,0.222,0.221,0.221,0.213,data_15a
39.1661111111111,0.222,0.221,0.221,0.213,data_15a
39.2752777777778,0.222,0.221,0.221,0.213,data_15a
39.3844444444444,0.222,0.221,0.221,0.213,data_15a
39.4936111111111,0.222,0.221,0.221,0.213,data_15a
39.6027777777778,0.222,0.22,0.221,0.213,data_15a
39.7119444444444,0.222,0.221,0.221,0.212,data_15a
39.8211111111111,0.221,0.22,0.221,0.213,data_15a
39.9302777777778,0.221,0.22,0.22,0.212,data_15a
40.0394444444444,0.221,0.22,0.221,0.212,data_15a
40.1486111111111,0.221,0.22,0.22,0.212,data_15a
40.2580555555556,0.221,0.221,0.22,0.212,data_15a
40.3672222222222,0.221,0.22,0.22,0.211,data_15a
40.4766666666667,0.22,0.219,0.22,0.211,data_15a
40.5855555555556,0.221,0.22,0.221,0.212,data_15a
40.6947222222222,0.221,0.22,0.22,0.211,data_15a
40.8038888888889,0.221,0.22,0.221,0.211,data_15a
40.9130555555556,0.221,0.22,0.22,0.212,data_15a
41.0222222222222,0.22,0.219,0.22,0.211,data_15a
41.1313888888889,0.22,0.219,0.219,0.211,data_15a
41.2405555555556,0.221,0.22,0.22,0.212,data_15a
41.3497222222222,0.221,0.22,0.22,0.211,data_15a
41.4588888888889,0.22,0.219,0.219,0.21,data_15a
41.5683333333333,0.22,0.219,0.22,0.211,data_15a
41.6775,0.22,0.219,0.219,0.211,data_15a
41.7866666666667,0.22,0.219,0.219,0.21,data_15a
41.8958333333333,0.22,0.219,0.22,0.21,data_15a
42.005,0.22,0.218,0.219,0.21,data_15a
42.1141666666667,0.219,0.219,0.219,0.21,data_15a
42.2233333333333,0.22,0.219,0.219,0.21,data_15a
42.3325,0.22,0.219,0.22,0.211,data_15a
42.4416666666667,0.22,0.219,0.219,0.21,data_15a
42.5508333333333,0.219,0.219,0.219,0.21,data_15a
42.66,0.219,0.219,0.219,0.21,data_15a
42.7691666666667,0.219,0.218,0.218,0.21,data_15a
42.8783333333333,0.219,0.219,0.218,0.21,data_15a
42.9875,0.219,0.218,0.218,0.209,data_15a
43.0966666666667,0.218,0.218,0.217,0.209,data_15a
43.2058333333333,0.219,0.218,0.218,0.21,data_15a
43.315,0.219,0.218,0.217,0.209,data_15a
43.4241666666667,0.219,0.218,0.217,0.209,data_15a
43.5333333333333,0.219,0.218,0.217,0.209,data_15a
43.6425,0.218,0.217,0.218,0.208,data_15a
43.7516666666667,0.219,0.219,0.219,0.209,data_15a
43.8608333333333,0.218,0.218,0.217,0.209,data_15a
43.97,0.219,0.218,0.218,0.208,data_15a
44.0791666666667,0.218,0.217,0.217,0.208,data_15a
44.1883333333333,0.218,0.217,0.217,0.208,data_15a
44.2975,0.218,0.217,0.217,0.207,data_15a
44.4066666666667,0.218,0.217,0.217,0.208,data_15a
44.5158333333333,0.218,0.217,0.217,0.208,data_15a
44.625,0.217,0.216,0.216,0.207,data_15a
44.7341666666667,0.217,0.217,0.216,0.207,data_15a
44.8433333333333,0.217,0.216,0.216,0.208,data_15a
44.9525,0.217,0.216,0.216,0.207,data_15a
45.0616666666667,0.217,0.217,0.217,0.208,data_15a
45.1708333333333,0.216,0.216,0.216,0.206,data_15a
45.28,0.216,0.216,0.216,0.206,data_15a
45.3891666666667,0.217,0.216,0.216,0.207,data_15a
45.4983333333333,0.216,0.215,0.215,0.206,data_15a
45.6075,0.216,0.215,0.215,0.206,data_15a
45.7166666666667,0.216,0.216,0.215,0.206,data_15a
45.8261111111111,0.215,0.215,0.214,0.206,data_15a
45.9352777777778,0.217,0.216,0.215,0.206,data_15a
46.0441666666667,0.216,0.215,0.215,0.205,data_15a
46.1533333333333,0.216,0.214,0.214,0.205,data_15a
46.2625,0.215,0.214,0.213,0.204,data_15a
46.3716666666667,0.215,0.215,0.214,0.205,data_15a
46.4808333333333,0.215,0.214,0.213,0.204,data_15a
46.59,0.215,0.215,0.214,0.205,data_15a
46.6991666666667,0.215,0.215,0.215,0.205,data_15a
46.8083333333333,0.215,0.215,0.214,0.205,data_15a
46.9175,0.215,0.214,0.213,0.204,data_15a
47.0269444444444,0.214,0.213,0.213,0.204,data_15a
47.1361111111111,0.215,0.214,0.214,0.204,data_15a
47.2452777777778,0.214,0.213,0.213,0.203,data_15a
47.3544444444444,0.214,0.213,0.213,0.204,data_15a
47.4636111111111,0.214,0.213,0.213,0.203,data_15a
47.5730555555556,0.214,0.213,0.213,0.203,data_15a
47.6822222222222,0.214,0.213,0.213,0.203,data_15a
47.7913888888889,0.214,0.213,0.212,0.202,data_15a
47.9005555555556,0.213,0.212,0.212,0.202,data_15a
48.0097222222222,0.213,0.212,0.212,0.203,data_15a
48.1188888888889,0.214,0.213,0.213,0.203,data_15a
48.2280555555556,0.212,0.212,0.211,0.201,data_15a
48.3375,0.213,0.212,0.212,0.202,data_15a
48.4466666666667,0.213,0.212,0.212,0.202,data_15a
48.5558333333333,0.213,0.212,0.212,0.202,data_15a
48.665,0.212,0.211,0.211,0.201,data_15a
48.7741666666667,0.213,0.212,0.211,0.202,data_15a
48.8833333333333,0.213,0.211,0.211,0.201,data_15a
48.9925,0.212,0.212,0.211,0.201,data_15a
0,0,0,0,-0.002,data_14
0.109166666666667,-0.001,0.001,0.002,0,data_14
0.218055555555556,-0.001,0.001,-0.001,-0.001,data_14
0.327222222222222,-0.001,0.002,-0.001,-0.001,data_14
0.436388888888889,-0.001,0.002,0,-0.001,data_14
0.545555555555556,0,0.002,0,-0.001,data_14
0.654722222222222,0,0.002,0,-0.001,data_14
0.763888888888889,0,0.003,0,0,data_14
0.873055555555555,0.002,0.003,0.001,0,data_14
0.982222222222222,0.001,0.003,0.001,0,data_14
1.09111111111111,0.002,0.004,0.001,0,data_14
1.20027777777778,0.002,0.004,0.002,0.001,data_14
1.30944444444444,0.003,0.005,0.003,0.002,data_14
1.41861111111111,0.004,0.005,0.003,0.002,data_14
1.52777777777778,0.004,0.00600000000000001,0.004,0.003,data_14
1.63694444444444,0.00600000000000001,0.00700000000000001,0.005,0.004,data_14
1.74611111111111,0.00700000000000001,0.00800000000000001,0.00600000000000001,0.005,data_14
1.855,0.00900000000000001,0.00900000000000001,0.00700000000000001,0.00700000000000001,data_14
1.96416666666667,0.01,0.011,0.00900000000000001,0.00900000000000001,data_14
2.07333333333333,0.012,0.012,0.011,0.011,data_14
2.1825,0.015,0.014,0.013,0.013,data_14
2.29166666666667,0.018,0.017,0.016,0.015,data_14
2.40083333333333,0.023,0.02,0.019,0.019,data_14
2.51,0.026,0.024,0.023,0.023,data_14
2.61916666666667,0.033,0.028,0.027,0.028,data_14
2.72833333333333,0.037,0.033,0.032,0.033,data_14
2.8375,0.043,0.038,0.038,0.039,data_14
2.94666666666667,0.05,0.045,0.045,0.046,data_14
3.05583333333333,0.061,0.052,0.053,0.053,data_14
3.165,0.065,0.061,0.061,0.059,data_14
3.27416666666667,0.07,0.064,0.065,0.063,data_14
3.38333333333333,0.077,0.071,0.072,0.071,data_14
3.4925,0.087,0.079,0.08,0.079,data_14
3.60166666666667,0.094,0.088,0.089,0.087,data_14
3.71083333333333,0.096,0.093,0.093,0.088,data_14
3.82,0.097,0.095,0.095,0.09,data_14
3.92916666666667,0.097,0.095,0.095,0.09,data_14
4.03833333333333,0.097,0.097,0.096,0.089,data_14
4.1475,0.095,0.095,0.095,0.087,data_14
4.25666666666667,0.093,0.093,0.092,0.085,data_14
4.36583333333333,0.091,0.091,0.091,0.083,data_14
4.47527777777778,0.089,0.089,0.089,0.082,data_14
4.58444444444445,0.089,0.088,0.087,0.08,data_14
4.69361111111111,0.087,0.086,0.087,0.079,data_14
4.80277777777778,0.086,0.086,0.086,0.078,data_14
4.91194444444444,0.086,0.086,0.085,0.078,data_14
5.02111111111111,0.085,0.084,0.084,0.077,data_14
5.13027777777778,0.084,0.084,0.084,0.076,data_14
5.23944444444444,0.084,0.083,0.083,0.076,data_14
5.34861111111111,0.084,0.083,0.083,0.076,data_14
5.45777777777778,0.083,0.083,0.083,0.075,data_14
5.56694444444444,0.083,0.082,0.082,0.075,data_14
5.67611111111111,0.083,0.082,0.082,0.075,data_14
5.78527777777778,0.083,0.082,0.082,0.075,data_14
5.89444444444444,0.083,0.082,0.082,0.075,data_14
6.00361111111111,0.083,0.082,0.083,0.075,data_14
6.11277777777778,0.083,0.081,0.082,0.075,data_14
6.22194444444444,0.083,0.082,0.082,0.075,data_14
6.33111111111111,0.083,0.082,0.082,0.075,data_14
6.44027777777778,0.084,0.082,0.083,0.076,data_14
6.54944444444444,0.084,0.082,0.083,0.076,data_14
6.65888888888889,0.084,0.082,0.084,0.076,data_14
6.76805555555556,0.084,0.083,0.084,0.077,data_14
6.87722222222222,0.085,0.083,0.084,0.077,data_14
6.98666666666667,0.085,0.084,0.084,0.077,data_14
7.09583333333333,0.085,0.084,0.085,0.078,data_14
7.205,0.086,0.084,0.085,0.079,data_14
7.31444444444444,0.086,0.085,0.086,0.079,data_14
7.42361111111111,0.087,0.084,0.086,0.08,data_14
7.53277777777778,0.087,0.086,0.087,0.08,data_14
7.64194444444444,0.088,0.086,0.087,0.081,data_14
7.75111111111111,0.089,0.087,0.088,0.082,data_14
7.86055555555556,0.089,0.088,0.088,0.082,data_14
7.96972222222222,0.09,0.088,0.089,0.083,data_14
8.07888888888889,0.09,0.089,0.089,0.083,data_14
8.18805555555556,0.091,0.089,0.09,0.084,data_14
8.2975,0.092,0.09,0.091,0.085,data_14
8.40666666666667,0.093,0.091,0.092,0.086,data_14
8.51583333333333,0.094,0.092,0.093,0.087,data_14
8.625,0.095,0.092,0.094,0.088,data_14
8.73444444444445,0.096,0.093,0.094,0.089,data_14
8.84361111111111,0.097,0.094,0.096,0.09,data_14
8.95277777777778,0.098,0.096,0.096,0.091,data_14
9.06194444444444,0.1,0.097,0.098,0.092,data_14
9.17138888888889,0.1,0.098,0.099,0.093,data_14
9.28055555555556,0.101,0.099,0.1,0.094,data_14
9.38972222222222,0.102,0.099,0.101,0.094,data_14
9.49888888888889,0.102,0.1,0.102,0.095,data_14
9.60833333333333,0.103,0.1,0.102,0.095,data_14
9.7175,0.104,0.101,0.102,0.096,data_14
9.82666666666667,0.104,0.102,0.103,0.097,data_14
9.93611111111111,0.105,0.103,0.104,0.097,data_14
10.0452777777778,0.106,0.104,0.104,0.099,data_14
10.1544444444444,0.107,0.104,0.105,0.099,data_14
10.2636111111111,0.108,0.105,0.106,0.1,data_14
10.3730555555556,0.108,0.106,0.107,0.101,data_14
10.4822222222222,0.11,0.107,0.108,0.102,data_14
10.5913888888889,0.11,0.107,0.109,0.103,data_14
10.7005555555556,0.112,0.108,0.109,0.104,data_14
10.8097222222222,0.112,0.11,0.11,0.105,data_14
10.9188888888889,0.113,0.111,0.111,0.105,data_14
11.0283333333333,0.115,0.112,0.112,0.107,data_14
11.1375,0.115,0.113,0.113,0.108,data_14
11.2466666666667,0.117,0.114,0.115,0.109,data_14
11.3561111111111,0.118,0.115,0.116,0.11,data_14
11.4652777777778,0.119,0.116,0.116,0.111,data_14
11.5744444444444,0.12,0.117,0.117,0.112,data_14
11.6838888888889,0.121,0.119,0.119,0.113,data_14
11.7930555555556,0.123,0.12,0.12,0.114,data_14
11.9022222222222,0.124,0.121,0.121,0.115,data_14
12.0113888888889,0.124,0.122,0.122,0.116,data_14
12.1205555555556,0.125,0.123,0.123,0.117,data_14
12.23,0.126,0.124,0.124,0.118,data_14
12.3391666666667,0.127,0.125,0.125,0.118,data_14
12.4483333333333,0.128,0.126,0.126,0.12,data_14
12.5575,0.129,0.126,0.127,0.12,data_14
12.6666666666667,0.13,0.128,0.128,0.121,data_14
12.7761111111111,0.132,0.129,0.129,0.122,data_14
12.8852777777778,0.133,0.129,0.13,0.123,data_14
12.9944444444444,0.134,0.131,0.13,0.123,data_14
13.1036111111111,0.135,0.132,0.131,0.124,data_14
13.2127777777778,0.136,0.133,0.133,0.125,data_14
13.3222222222222,0.136,0.134,0.133,0.126,data_14
13.4313888888889,0.138,0.135,0.135,0.128,data_14
13.5405555555556,0.139,0.136,0.135,0.128,data_14
13.6497222222222,0.14,0.137,0.136,0.129,data_14
13.7591666666667,0.141,0.138,0.138,0.131,data_14
13.8683333333333,0.142,0.139,0.139,0.131,data_14
13.9775,0.141,0.14,0.139,0.132,data_14
14.0866666666667,0.142,0.14,0.14,0.133,data_14
14.1958333333333,0.142,0.141,0.14,0.133,data_14
14.305,0.142,0.141,0.141,0.134,data_14
14.4144444444444,0.143,0.141,0.141,0.134,data_14
14.5236111111111,0.144,0.142,0.142,0.135,data_14
14.6327777777778,0.144,0.142,0.142,0.135,data_14
14.7419444444444,0.144,0.142,0.142,0.135,data_14
14.8511111111111,0.145,0.142,0.142,0.135,data_14
14.9605555555556,0.145,0.143,0.143,0.136,data_14
15.0697222222222,0.146,0.144,0.142,0.136,data_14
15.1788888888889,0.146,0.144,0.143,0.136,data_14
15.2883333333333,0.146,0.144,0.144,0.137,data_14
15.3975,0.146,0.145,0.144,0.137,data_14
15.5066666666667,0.147,0.146,0.144,0.137,data_14
15.6158333333333,0.147,0.145,0.144,0.137,data_14
15.7252777777778,0.147,0.146,0.145,0.138,data_14
15.8344444444444,0.148,0.146,0.145,0.138,data_14
15.9436111111111,0.148,0.146,0.146,0.138,data_14
16.0527777777778,0.148,0.147,0.145,0.139,data_14
16.1622222222222,0.148,0.147,0.146,0.139,data_14
16.2713888888889,0.149,0.147,0.146,0.139,data_14
16.3805555555556,0.149,0.148,0.147,0.14,data_14
16.49,0.149,0.148,0.147,0.14,data_14
16.5991666666667,0.15,0.148,0.148,0.14,data_14
16.7083333333333,0.151,0.149,0.148,0.141,data_14
16.8177777777778,0.151,0.149,0.148,0.141,data_14
16.9269444444444,0.151,0.149,0.148,0.141,data_14
17.0361111111111,0.152,0.15,0.149,0.142,data_14
17.1455555555556,0.152,0.15,0.149,0.143,data_14
17.2547222222222,0.152,0.151,0.15,0.142,data_14
17.3638888888889,0.153,0.151,0.149,0.143,data_14
17.4730555555556,0.153,0.151,0.15,0.143,data_14
17.5825,0.153,0.152,0.15,0.143,data_14
17.6916666666667,0.153,0.152,0.15,0.143,data_14
17.8011111111111,0.153,0.152,0.151,0.143,data_14
17.9102777777778,0.153,0.152,0.151,0.144,data_14
18.0194444444444,0.154,0.152,0.151,0.144,data_14
18.1288888888889,0.155,0.153,0.152,0.145,data_14
18.2380555555556,0.155,0.154,0.152,0.145,data_14
18.3475,0.155,0.154,0.152,0.145,data_14
18.4566666666667,0.155,0.154,0.152,0.146,data_14
18.5658333333333,0.156,0.155,0.153,0.146,data_14
18.6752777777778,0.156,0.154,0.153,0.146,data_14
18.7844444444444,0.157,0.155,0.153,0.147,data_14
18.8938888888889,0.157,0.155,0.154,0.147,data_14
19.0030555555556,0.157,0.156,0.154,0.147,data_14
19.1122222222222,0.157,0.156,0.154,0.147,data_14
19.2216666666667,0.157,0.156,0.154,0.147,data_14
19.3308333333333,0.158,0.156,0.154,0.147,data_14
19.44,0.158,0.156,0.155,0.148,data_14
19.5494444444444,0.158,0.157,0.155,0.148,data_14
19.6586111111111,0.158,0.157,0.155,0.149,data_14
19.7677777777778,0.159,0.157,0.156,0.148,data_14
19.8772222222222,0.159,0.157,0.155,0.149,data_14
19.9863888888889,0.159,0.158,0.156,0.149,data_14
20.0958333333333,0.159,0.158,0.156,0.149,data_14
20.205,0.159,0.158,0.156,0.149,data_14
20.3144444444444,0.159,0.158,0.156,0.149,data_14
20.4236111111111,0.159,0.158,0.156,0.149,data_14
20.5330555555556,0.16,0.158,0.156,0.149,data_14
20.6422222222222,0.16,0.158,0.157,0.15,data_14
20.7513888888889,0.159,0.158,0.157,0.15,data_14
20.8605555555556,0.16,0.158,0.157,0.15,data_14
20.97,0.16,0.159,0.157,0.15,data_14
21.0791666666667,0.16,0.159,0.157,0.151,data_14
21.1886111111111,0.16,0.159,0.157,0.151,data_14
21.2977777777778,0.16,0.159,0.157,0.15,data_14
21.4069444444444,0.161,0.159,0.157,0.15,data_14
21.5163888888889,0.161,0.159,0.158,0.15,data_14
21.6255555555556,0.161,0.159,0.158,0.151,data_14
21.735,0.161,0.159,0.158,0.15,data_14
21.8441666666667,0.161,0.16,0.157,0.15,data_14
21.9536111111111,0.161,0.16,0.158,0.151,data_14
22.0627777777778,0.161,0.159,0.158,0.151,data_14
22.1719444444444,0.16,0.159,0.158,0.151,data_14
22.2813888888889,0.16,0.159,0.158,0.15,data_14
22.3905555555556,0.161,0.16,0.158,0.151,data_14
22.5,0.161,0.16,0.158,0.151,data_14
22.6091666666667,0.161,0.159,0.158,0.151,data_14
22.7186111111111,0.16,0.16,0.158,0.151,data_14
22.8277777777778,0.161,0.16,0.158,0.151,data_14
22.9369444444444,0.161,0.16,0.158,0.151,data_14
23.0463888888889,0.161,0.16,0.158,0.151,data_14
23.1555555555556,0.16,0.159,0.158,0.15,data_14
23.2647222222222,0.161,0.16,0.158,0.151,data_14
23.3741666666667,0.161,0.16,0.158,0.151,data_14
23.4833333333333,0.16,0.16,0.158,0.151,data_14
23.5927777777778,0.161,0.16,0.158,0.151,data_14
23.7019444444444,0.161,0.16,0.158,0.151,data_14
23.8111111111111,0.16,0.159,0.157,0.15,data_14
23.9205555555556,0.161,0.16,0.158,0.151,data_14
24.0297222222222,0.161,0.159,0.158,0.15,data_14
24.1391666666667,0.161,0.159,0.158,0.15,data_14
24.2483333333333,0.161,0.16,0.158,0.151,data_14
24.3586111111111,0.161,0.16,0.158,0.151,data_14
24.4680555555556,0.161,0.16,0.158,0.15,data_14
24.5772222222222,0.16,0.159,0.157,0.15,data_14
24.6866666666667,0.161,0.16,0.158,0.15,data_14
24.7958333333333,0.161,0.16,0.158,0.151,data_14
24.9052777777778,0.161,0.16,0.158,0.151,data_14
25.0144444444444,0.161,0.159,0.158,0.151,data_14
25.1236111111111,0.161,0.159,0.158,0.15,data_14
25.2330555555556,0.16,0.159,0.158,0.151,data_14
25.3422222222222,0.16,0.159,0.158,0.15,data_14
25.4516666666667,0.161,0.16,0.158,0.15,data_14
25.5608333333333,0.16,0.159,0.158,0.15,data_14
25.67,0.161,0.159,0.158,0.15,data_14
25.7794444444444,0.16,0.159,0.158,0.15,data_14
25.8886111111111,0.16,0.159,0.157,0.15,data_14
25.9980555555556,0.16,0.159,0.157,0.15,data_14
26.1072222222222,0.161,0.159,0.157,0.15,data_14
26.2166666666667,0.16,0.159,0.158,0.15,data_14
26.3261111111111,0.16,0.159,0.157,0.15,data_14
26.4352777777778,0.161,0.159,0.158,0.15,data_14
26.5447222222222,0.16,0.159,0.158,0.151,data_14
26.6538888888889,0.16,0.159,0.158,0.15,data_14
26.7633333333333,0.161,0.159,0.157,0.15,data_14
26.8725,0.161,0.16,0.157,0.151,data_14
26.9819444444444,0.161,0.159,0.158,0.15,data_14
27.0911111111111,0.161,0.159,0.157,0.15,data_14
27.2005555555556,0.16,0.16,0.157,0.15,data_14
27.3097222222222,0.16,0.16,0.157,0.15,data_14
27.4191666666667,0.16,0.159,0.157,0.15,data_14
27.5283333333333,0.161,0.159,0.157,0.15,data_14
27.6377777777778,0.16,0.159,0.157,0.15,data_14
27.7472222222222,0.16,0.159,0.157,0.15,data_14
27.8563888888889,0.16,0.159,0.157,0.15,data_14
27.9658333333333,0.159,0.159,0.157,0.15,data_14
28.0752777777778,0.16,0.159,0.157,0.15,data_14
28.1844444444444,0.16,0.159,0.157,0.151,data_14
28.2938888888889,0.16,0.159,0.157,0.149,data_14
28.4033333333333,0.16,0.159,0.157,0.149,data_14
28.5125,0.16,0.159,0.157,0.149,data_14
28.6219444444444,0.16,0.159,0.157,0.15,data_14
28.7311111111111,0.16,0.159,0.157,0.15,data_14
28.8405555555556,0.16,0.159,0.156,0.149,data_14
28.9497222222222,0.16,0.159,0.157,0.149,data_14
29.0591666666667,0.16,0.159,0.157,0.15,data_14
29.1683333333333,0.16,0.159,0.156,0.15,data_14
29.2777777777778,0.159,0.159,0.156,0.149,data_14
29.3869444444444,0.159,0.158,0.156,0.149,data_14
29.4963888888889,0.159,0.159,0.156,0.149,data_14
29.6055555555556,0.159,0.158,0.156,0.149,data_14
29.715,0.159,0.159,0.156,0.149,data_14
29.8241666666667,0.159,0.158,0.157,0.149,data_14
29.9336111111111,0.159,0.158,0.156,0.149,data_14
30.0427777777778,0.159,0.158,0.156,0.148,data_14
30.1522222222222,0.158,0.158,0.156,0.149,data_14
30.2616666666667,0.158,0.158,0.156,0.149,data_14
30.3711111111111,0.159,0.158,0.156,0.149,data_14
30.4802777777778,0.158,0.158,0.156,0.148,data_14
30.5894444444444,0.159,0.158,0.156,0.148,data_14
30.6988888888889,0.159,0.158,0.155,0.148,data_14
30.8083333333333,0.158,0.158,0.156,0.148,data_14
30.9175,0.158,0.158,0.155,0.148,data_14
31.0269444444444,0.158,0.158,0.155,0.148,data_14
31.1363888888889,0.158,0.157,0.155,0.148,data_14
31.2455555555556,0.158,0.158,0.156,0.148,data_14
31.355,0.158,0.158,0.156,0.148,data_14
31.4641666666667,0.158,0.158,0.155,0.148,data_14
31.5736111111111,0.157,0.157,0.155,0.148,data_14
31.6830555555556,0.157,0.157,0.155,0.148,data_14
31.7922222222222,0.157,0.157,0.155,0.147,data_14
31.9016666666667,0.157,0.157,0.155,0.148,data_14
32.0108333333333,0.157,0.157,0.155,0.147,data_14
32.1202777777778,0.158,0.157,0.155,0.148,data_14
32.2294444444444,0.158,0.157,0.155,0.147,data_14
32.3388888888889,0.157,0.157,0.155,0.147,data_14
32.4480555555556,0.157,0.156,0.154,0.147,data_14
32.5575,0.157,0.157,0.154,0.147,data_14
32.6669444444444,0.156,0.156,0.154,0.147,data_14
32.7761111111111,0.157,0.157,0.155,0.147,data_14
32.8852777777778,0.156,0.157,0.154,0.147,data_14
32.9947222222222,0.156,0.156,0.154,0.147,data_14
33.1038888888889,0.156,0.156,0.154,0.146,data_14
33.2133333333333,0.156,0.156,0.154,0.147,data_14
33.3225,0.156,0.156,0.154,0.146,data_14
33.4319444444444,0.156,0.156,0.154,0.146,data_14
33.5413888888889,0.156,0.156,0.154,0.146,data_14
33.6505555555556,0.156,0.156,0.154,0.147,data_14
33.76,0.156,0.156,0.154,0.147,data_14
33.8694444444444,0.156,0.156,0.153,0.146,data_14
33.9786111111111,0.156,0.156,0.154,0.147,data_14
34.0880555555556,0.156,0.156,0.154,0.146,data_14
34.1972222222222,0.155,0.156,0.153,0.146,data_14
34.3066666666667,0.156,0.156,0.153,0.146,data_14
34.4158333333333,0.156,0.156,0.153,0.146,data_14
34.5252777777778,0.156,0.156,0.153,0.146,data_14
34.6347222222222,0.155,0.155,0.153,0.145,data_14
34.7438888888889,0.155,0.155,0.153,0.146,data_14
34.8533333333333,0.155,0.156,0.153,0.146,data_14
34.9625,0.155,0.155,0.153,0.146,data_14
35.0719444444444,0.155,0.155,0.153,0.146,data_14
35.1811111111111,0.155,0.155,0.153,0.145,data_14
35.2905555555556,0.155,0.155,0.153,0.145,data_14
35.4,0.155,0.155,0.153,0.146,data_14
35.5091666666667,0.155,0.155,0.152,0.146,data_14
35.6186111111111,0.155,0.155,0.152,0.145,data_14
35.7277777777778,0.155,0.155,0.152,0.145,data_14
35.8372222222222,0.155,0.155,0.153,0.145,data_14
35.9466666666667,0.155,0.155,0.152,0.145,data_14
36.0561111111111,0.155,0.155,0.152,0.145,data_14
36.1655555555556,0.155,0.155,0.152,0.145,data_14
36.2747222222222,0.155,0.154,0.152,0.144,data_14
36.3841666666667,0.155,0.155,0.152,0.145,data_14
36.4936111111111,0.155,0.154,0.151,0.144,data_14
36.6030555555556,0.154,0.154,0.152,0.144,data_14
36.7122222222222,0.154,0.154,0.152,0.144,data_14
36.8216666666667,0.155,0.154,0.152,0.145,data_14
36.9311111111111,0.154,0.154,0.151,0.144,data_14
37.0405555555556,0.154,0.154,0.152,0.144,data_14
37.15,0.154,0.154,0.151,0.144,data_14
37.2591666666667,0.154,0.154,0.151,0.144,data_14
37.3686111111111,0.154,0.154,0.151,0.143,data_14
37.4780555555556,0.154,0.154,0.151,0.143,data_14
37.5872222222222,0.154,0.154,0.151,0.144,data_14
37.6966666666667,0.153,0.153,0.151,0.143,data_14
37.8061111111111,0.153,0.153,0.151,0.143,data_14
37.9155555555556,0.153,0.153,0.151,0.143,data_14
38.0247222222222,0.153,0.153,0.151,0.143,data_14
38.1341666666667,0.153,0.153,0.15,0.143,data_14
38.2436111111111,0.153,0.153,0.151,0.143,data_14
38.3527777777778,0.153,0.153,0.151,0.143,data_14
38.4622222222222,0.154,0.153,0.15,0.143,data_14
38.5716666666667,0.153,0.153,0.15,0.143,data_14
38.6808333333333,0.153,0.153,0.15,0.143,data_14
38.7902777777778,0.153,0.153,0.15,0.142,data_14
38.8997222222222,0.153,0.152,0.15,0.142,data_14
39.0091666666667,0.153,0.152,0.15,0.143,data_14
39.1186111111111,0.153,0.152,0.15,0.142,data_14
39.2277777777778,0.153,0.153,0.15,0.142,data_14
39.3372222222222,0.152,0.152,0.149,0.142,data_14
39.4466666666667,0.152,0.152,0.15,0.142,data_14
39.5561111111111,0.152,0.152,0.15,0.142,data_14
39.6655555555556,0.152,0.152,0.15,0.142,data_14
39.7747222222222,0.152,0.152,0.15,0.142,data_14
39.8841666666667,0.152,0.152,0.15,0.142,data_14
39.9936111111111,0.152,0.152,0.149,0.142,data_14
40.1030555555556,0.152,0.152,0.149,0.142,data_14
40.2122222222222,0.152,0.152,0.149,0.141,data_14
40.3216666666667,0.152,0.152,0.15,0.141,data_14
40.4308333333333,0.152,0.151,0.149,0.141,data_14
40.5402777777778,0.152,0.151,0.149,0.141,data_14
40.6497222222222,0.152,0.152,0.149,0.142,data_14
40.7588888888889,0.151,0.151,0.148,0.141,data_14
40.8683333333333,0.151,0.151,0.149,0.141,data_14
40.9777777777778,0.151,0.151,0.149,0.141,data_14
41.0869444444444,0.151,0.151,0.148,0.141,data_14
41.1963888888889,0.151,0.151,0.148,0.141,data_14
41.3058333333333,0.151,0.151,0.148,0.141,data_14
41.4152777777778,0.151,0.151,0.148,0.141,data_14
41.5244444444444,0.151,0.151,0.148,0.141,data_14
41.6338888888889,0.151,0.15,0.149,0.14,data_14
41.7433333333333,0.151,0.151,0.148,0.141,data_14
41.8527777777778,0.151,0.151,0.148,0.141,data_14
41.9622222222222,0.151,0.15,0.148,0.14,data_14
42.0713888888889,0.151,0.151,0.148,0.141,data_14
42.1808333333333,0.151,0.151,0.148,0.141,data_14
42.2902777777778,0.15,0.15,0.148,0.14,data_14
42.3994444444444,0.151,0.151,0.148,0.14,data_14
42.5088888888889,0.15,0.15,0.148,0.14,data_14
42.6183333333333,0.15,0.15,0.147,0.14,data_14
42.7275,0.15,0.15,0.147,0.14,data_14
42.8369444444444,0.15,0.15,0.147,0.14,data_14
42.9463888888889,0.15,0.15,0.147,0.139,data_14
43.0555555555556,0.15,0.15,0.147,0.14,data_14
43.165,0.15,0.15,0.147,0.14,data_14
43.2744444444444,0.15,0.15,0.147,0.14,data_14
43.3838888888889,0.15,0.15,0.147,0.139,data_14
43.4933333333333,0.15,0.15,0.147,0.139,data_14
43.6025,0.15,0.15,0.147,0.139,data_14
43.7119444444444,0.15,0.15,0.147,0.139,data_14
43.8213888888889,0.15,0.149,0.147,0.139,data_14
43.9308333333333,0.149,0.149,0.146,0.139,data_14
44.04,0.15,0.15,0.147,0.139,data_14
44.1494444444444,0.15,0.15,0.147,0.139,data_14
44.2588888888889,0.149,0.149,0.146,0.139,data_14
44.3686111111111,0.149,0.149,0.146,0.139,data_14
44.4777777777778,0.149,0.149,0.147,0.139,data_14
44.5872222222222,0.149,0.149,0.146,0.138,data_14
44.6963888888889,0.149,0.149,0.146,0.138,data_14
44.8058333333333,0.149,0.149,0.146,0.138,data_14
44.9152777777778,0.149,0.149,0.146,0.138,data_14
45.0244444444444,0.149,0.149,0.146,0.138,data_14
45.1338888888889,0.149,0.149,0.146,0.138,data_14
45.2433333333333,0.149,0.149,0.146,0.138,data_14
45.3527777777778,0.149,0.149,0.147,0.138,data_14
45.4622222222222,0.149,0.149,0.146,0.138,data_14
45.5713888888889,0.148,0.149,0.145,0.137,data_14
45.6808333333333,0.149,0.149,0.146,0.138,data_14
45.7902777777778,0.148,0.148,0.145,0.137,data_14
45.8997222222222,0.148,0.148,0.145,0.137,data_14
46.0091666666667,0.148,0.148,0.146,0.137,data_14
46.1186111111111,0.148,0.148,0.146,0.137,data_14
46.2277777777778,0.148,0.148,0.146,0.137,data_14
46.3372222222222,0.149,0.149,0.146,0.137,data_14
46.4466666666667,0.148,0.148,0.145,0.137,data_14
46.5561111111111,0.148,0.148,0.145,0.137,data_14
46.6655555555556,0.148,0.148,0.145,0.137,data_14
46.7747222222222,0.148,0.148,0.145,0.137,data_14
46.8841666666667,0.148,0.148,0.145,0.137,data_14
46.9936111111111,0.148,0.148,0.145,0.137,data_14
47.1030555555556,0.148,0.148,0.145,0.137,data_14
47.2122222222222,0.148,0.148,0.145,0.137,data_14
47.3216666666667,0.147,0.147,0.144,0.136,data_14
47.4311111111111,0.148,0.148,0.145,0.136,data_14
47.5405555555556,0.147,0.148,0.144,0.136,data_14
47.6497222222222,0.148,0.147,0.145,0.136,data_14
47.7591666666667,0.147,0.147,0.144,0.136,data_14
47.8686111111111,0.147,0.147,0.144,0.136,data_14
47.9777777777778,0.147,0.147,0.145,0.136,data_14
48.0872222222222,0.147,0.147,0.144,0.136,data_14
48.1963888888889,0.147,0.147,0.144,0.135,data_14
48.3055555555556,0.146,0.147,0.144,0.135,data_14
48.4147222222222,0.146,0.147,0.144,0.135,data_14
48.5241666666667,0.146,0.146,0.144,0.135,data_14
48.6333333333333,0.147,0.147,0.144,0.135,data_14
48.7425,0.146,0.147,0.144,0.135,data_14
48.8516666666667,0.146,0.147,0.143,0.135,data_14
48.9608333333333,0.147,0.147,0.144,0.135,data_14
0,0,0.00600000000000001,0.01,0.015,data_p
0.0941666666666667,0,0.004,0.00800000000000001,0.011,data_p
0.188333333333333,-0.001,0.004,0.00800000000000001,0.011,data_p
0.282222222222222,0,0.004,0.00800000000000001,0.011,data_p
0.376388888888889,0,0.003,0.00700000000000001,0.01,data_p
0.470555555555556,0,0.004,0.00800000000000001,0.011,data_p
0.564444444444444,-0.001,0.003,0.00800000000000001,0.011,data_p
0.658611111111111,0,0.003,0.00800000000000001,0.01,data_p
0.752777777777778,0,0.003,0.00800000000000001,0.011,data_p
0.846944444444444,0,0.003,0.00800000000000001,0.011,data_p
0.940833333333333,0,0.003,0.00700000000000001,0.01,data_p
1.035,0,0.004,0.00800000000000001,0.011,data_p
1.12916666666667,0.001,0.004,0.00800000000000001,0.011,data_p
1.22305555555556,0.001,0.004,0.00800000000000001,0.011,data_p
1.31722222222222,0.001,0.005,0.00800000000000001,0.012,data_p
1.41138888888889,0.002,0.005,0.00900000000000001,0.012,data_p
1.50555555555556,0.002,0.00600000000000001,0.00900000000000001,0.012,data_p
1.59972222222222,0.003,0.00600000000000001,0.00900000000000001,0.013,data_p
1.69361111111111,0.003,0.00700000000000001,0.01,0.013,data_p
1.78777777777778,0.005,0.00800000000000001,0.01,0.014,data_p
1.88194444444444,0.005,0.00800000000000001,0.011,0.015,data_p
1.97611111111111,0.00700000000000001,0.01,0.012,0.016,data_p
2.07,0.00800000000000001,0.011,0.013,0.017,data_p
2.16416666666667,0.00900000000000001,0.013,0.014,0.019,data_p
2.25833333333333,0.012,0.015,0.016,0.021,data_p
2.3525,0.014,0.017,0.017,0.023,data_p
2.44666666666667,0.016,0.02,0.02,0.026,data_p
2.54055555555556,0.02,0.023,0.023,0.029,data_p
2.63472222222222,0.023,0.027,0.026,0.033,data_p
2.72888888888889,0.028,0.031,0.03,0.037,data_p
2.82305555555556,0.032,0.036,0.035,0.042,data_p
2.91694444444444,0.038,0.042,0.04,0.047,data_p
3.01111111111111,0.044,0.048,0.046,0.053,data_p
3.10527777777778,0.051,0.055,0.053,0.06,data_p
3.19944444444444,0.06,0.064,0.061,0.07,data_p
3.29333333333333,0.069,0.074,0.071,0.08,data_p
3.3875,0.08,0.084,0.081,0.09,data_p
3.48166666666667,0.093,0.097,0.094,0.101,data_p
3.57555555555556,0.1,0.102,0.099,0.105,data_p
3.66972222222222,0.105,0.108,0.105,0.112,data_p
3.76416666666667,0.111,0.115,0.112,0.118,data_p
3.85805555555556,0.118,0.123,0.12,0.125,data_p
3.95222222222222,0.125,0.13,0.127,0.132,data_p
4.04638888888889,0.13,0.132,0.13,0.134,data_p
4.14027777777778,0.132,0.134,0.131,0.135,data_p
4.23444444444444,0.134,0.137,0.135,0.138,data_p
4.32861111111111,0.137,0.139,0.137,0.14,data_p
4.42277777777778,0.139,0.141,0.139,0.141,data_p
4.51694444444444,0.141,0.142,0.14,0.142,data_p
4.61083333333333,0.143,0.144,0.142,0.143,data_p
4.705,0.144,0.145,0.143,0.144,data_p
4.79916666666667,0.145,0.146,0.144,0.145,data_p
4.89333333333333,0.147,0.147,0.144,0.147,data_p
4.9875,0.148,0.148,0.145,0.147,data_p
5.08138888888889,0.149,0.15,0.147,0.148,data_p
5.17555555555556,0.151,0.151,0.148,0.149,data_p
5.26972222222222,0.152,0.152,0.149,0.149,data_p
5.36388888888889,0.154,0.153,0.15,0.15,data_p
5.45805555555556,0.155,0.154,0.15,0.151,data_p
5.55194444444444,0.157,0.156,0.152,0.152,data_p
5.64611111111111,0.158,0.157,0.153,0.153,data_p
5.74027777777778,0.16,0.159,0.154,0.154,data_p
5.83416666666667,0.162,0.16,0.154,0.155,data_p
5.92833333333333,0.163,0.162,0.156,0.157,data_p
6.0225,0.165,0.163,0.157,0.157,data_p
6.11666666666667,0.167,0.165,0.159,0.158,data_p
6.21055555555556,0.169,0.167,0.159,0.159,data_p
6.30472222222222,0.171,0.169,0.161,0.161,data_p
6.39888888888889,0.172,0.171,0.163,0.162,data_p
6.49305555555556,0.174,0.173,0.165,0.163,data_p
6.58722222222222,0.175,0.173,0.166,0.164,data_p
6.68138888888889,0.176,0.175,0.167,0.166,data_p
6.77555555555556,0.177,0.176,0.169,0.167,data_p
6.86972222222222,0.178,0.177,0.171,0.168,data_p
6.96388888888889,0.179,0.178,0.172,0.17,data_p
7.05777777777778,0.181,0.18,0.174,0.172,data_p
7.15194444444445,0.183,0.181,0.175,0.173,data_p
7.24611111111111,0.184,0.183,0.178,0.175,data_p
7.34027777777778,0.186,0.184,0.179,0.177,data_p
7.43444444444444,0.188,0.186,0.181,0.179,data_p
7.52861111111111,0.19,0.188,0.182,0.181,data_p
7.6225,0.191,0.189,0.184,0.183,data_p
7.71666666666667,0.192,0.19,0.185,0.184,data_p
7.81083333333333,0.194,0.192,0.186,0.185,data_p
7.905,0.195,0.193,0.187,0.186,data_p
7.99888888888889,0.196,0.194,0.189,0.187,data_p
8.09305555555556,0.197,0.195,0.19,0.189,data_p
8.18722222222222,0.198,0.197,0.191,0.189,data_p
8.28138888888889,0.199,0.198,0.192,0.19,data_p
8.37527777777778,0.201,0.199,0.193,0.191,data_p
8.46944444444444,0.202,0.2,0.194,0.193,data_p
8.56361111111111,0.203,0.202,0.195,0.194,data_p
8.65777777777778,0.204,0.203,0.196,0.195,data_p
8.75166666666667,0.205,0.204,0.197,0.196,data_p
8.84583333333333,0.206,0.205,0.198,0.196,data_p
8.94,0.207,0.206,0.199,0.197,data_p
9.03416666666667,0.207,0.206,0.2,0.198,data_p
9.12833333333333,0.208,0.207,0.201,0.199,data_p
9.22222222222222,0.209,0.208,0.202,0.2,data_p
9.31638888888889,0.209,0.209,0.203,0.201,data_p
9.41055555555556,0.21,0.209,0.204,0.201,data_p
9.50472222222222,0.212,0.21,0.205,0.203,data_p
9.59888888888889,0.212,0.211,0.206,0.204,data_p
9.69305555555556,0.212,0.211,0.207,0.204,data_p
9.78722222222222,0.212,0.211,0.208,0.205,data_p
9.88138888888889,0.213,0.212,0.208,0.206,data_p
9.97555555555556,0.214,0.212,0.209,0.206,data_p
10.0697222222222,0.214,0.213,0.209,0.207,data_p
10.1638888888889,0.214,0.213,0.21,0.207,data_p
10.2580555555556,0.215,0.214,0.21,0.208,data_p
10.3522222222222,0.215,0.214,0.21,0.209,data_p
10.4463888888889,0.216,0.214,0.211,0.209,data_p
10.5405555555556,0.216,0.215,0.211,0.209,data_p
10.6347222222222,0.216,0.215,0.212,0.209,data_p
10.7288888888889,0.217,0.215,0.212,0.21,data_p
10.8230555555556,0.217,0.216,0.213,0.21,data_p
10.9172222222222,0.218,0.216,0.213,0.211,data_p
11.0113888888889,0.218,0.217,0.213,0.211,data_p
11.1052777777778,0.219,0.218,0.214,0.212,data_p
11.1994444444444,0.219,0.217,0.214,0.211,data_p
11.2936111111111,0.219,0.218,0.214,0.212,data_p
11.3877777777778,0.219,0.218,0.214,0.212,data_p
11.4819444444444,0.22,0.219,0.215,0.212,data_p
11.5761111111111,0.221,0.219,0.215,0.213,data_p
11.6702777777778,0.221,0.219,0.215,0.213,data_p
11.7644444444444,0.222,0.22,0.216,0.214,data_p
11.8586111111111,0.222,0.22,0.216,0.214,data_p
11.9527777777778,0.222,0.22,0.217,0.214,data_p
12.0469444444444,0.222,0.22,0.217,0.215,data_p
12.1411111111111,0.223,0.221,0.217,0.216,data_p
12.2352777777778,0.223,0.222,0.217,0.215,data_p
12.3294444444444,0.224,0.222,0.218,0.216,data_p
12.4236111111111,0.224,0.222,0.218,0.216,data_p
12.5177777777778,0.224,0.222,0.218,0.216,data_p
12.6119444444444,0.224,0.223,0.218,0.217,data_p
12.7061111111111,0.225,0.223,0.219,0.217,data_p
12.8002777777778,0.226,0.224,0.219,0.218,data_p
12.8944444444444,0.226,0.223,0.22,0.218,data_p
12.9886111111111,0.227,0.224,0.22,0.218,data_p
13.0827777777778,0.227,0.225,0.22,0.219,data_p
13.1769444444444,0.228,0.225,0.221,0.219,data_p
13.2711111111111,0.227,0.225,0.221,0.219,data_p
13.3652777777778,0.228,0.225,0.221,0.22,data_p
13.4594444444444,0.228,0.226,0.222,0.22,data_p
13.5536111111111,0.229,0.227,0.222,0.221,data_p
13.6477777777778,0.229,0.226,0.222,0.221,data_p
13.7419444444444,0.229,0.228,0.223,0.221,data_p
13.8361111111111,0.229,0.227,0.223,0.221,data_p
13.9302777777778,0.231,0.228,0.223,0.222,data_p
14.0244444444444,0.231,0.228,0.224,0.222,data_p
14.1186111111111,0.231,0.228,0.224,0.222,data_p
14.2127777777778,0.231,0.229,0.224,0.223,data_p
14.3069444444444,0.232,0.229,0.225,0.223,data_p
14.4011111111111,0.232,0.23,0.225,0.224,data_p
14.4952777777778,0.232,0.23,0.225,0.224,data_p
14.5894444444444,0.233,0.23,0.226,0.224,data_p
14.6838888888889,0.233,0.23,0.226,0.224,data_p
14.7780555555556,0.233,0.231,0.226,0.225,data_p
14.8722222222222,0.234,0.231,0.227,0.225,data_p
14.9663888888889,0.234,0.231,0.227,0.225,data_p
15.0605555555556,0.235,0.232,0.227,0.226,data_p
15.1547222222222,0.235,0.232,0.227,0.226,data_p
15.2488888888889,0.235,0.232,0.228,0.226,data_p
15.3430555555556,0.236,0.233,0.228,0.227,data_p
15.4372222222222,0.236,0.233,0.228,0.227,data_p
15.5313888888889,0.235,0.233,0.228,0.227,data_p
15.6255555555556,0.236,0.234,0.228,0.227,data_p
15.7197222222222,0.236,0.234,0.228,0.227,data_p
15.8138888888889,0.237,0.235,0.229,0.228,data_p
15.9080555555556,0.237,0.234,0.228,0.227,data_p
16.0022222222222,0.237,0.235,0.229,0.228,data_p
16.0963888888889,0.237,0.236,0.229,0.228,data_p
16.1908333333333,0.238,0.236,0.23,0.229,data_p
16.2855555555556,0.237,0.235,0.23,0.228,data_p
16.3797222222222,0.238,0.236,0.23,0.229,data_p
16.4738888888889,0.238,0.236,0.23,0.228,data_p
16.5680555555556,0.238,0.235,0.23,0.229,data_p
16.6622222222222,0.238,0.236,0.23,0.229,data_p
16.7563888888889,0.238,0.236,0.23,0.229,data_p
16.8505555555556,0.238,0.237,0.231,0.229,data_p
16.9447222222222,0.238,0.236,0.23,0.228,data_p
17.0388888888889,0.238,0.236,0.23,0.229,data_p
17.1330555555556,0.238,0.237,0.231,0.229,data_p
17.2272222222222,0.238,0.237,0.231,0.229,data_p
17.3213888888889,0.239,0.237,0.231,0.229,data_p
17.4155555555556,0.239,0.237,0.231,0.229,data_p
17.5097222222222,0.239,0.237,0.231,0.229,data_p
17.6038888888889,0.239,0.237,0.232,0.23,data_p
17.6980555555556,0.239,0.238,0.231,0.23,data_p
17.7922222222222,0.239,0.237,0.231,0.229,data_p
17.8863888888889,0.239,0.237,0.231,0.229,data_p
17.9805555555556,0.239,0.237,0.231,0.229,data_p
18.0747222222222,0.239,0.237,0.232,0.23,data_p
18.1688888888889,0.239,0.237,0.232,0.229,data_p
18.2630555555556,0.24,0.238,0.232,0.23,data_p
18.3572222222222,0.24,0.238,0.232,0.23,data_p
18.4516666666667,0.24,0.238,0.233,0.23,data_p
18.5455555555556,0.24,0.238,0.232,0.23,data_p
18.64,0.24,0.238,0.233,0.23,data_p
18.7341666666667,0.24,0.239,0.232,0.23,data_p
18.8283333333333,0.24,0.238,0.233,0.23,data_p
18.9225,0.24,0.239,0.233,0.23,data_p
19.0166666666667,0.24,0.238,0.233,0.23,data_p
19.1108333333333,0.24,0.238,0.232,0.23,data_p
19.205,0.24,0.239,0.233,0.23,data_p
19.2991666666667,0.241,0.239,0.233,0.23,data_p
19.3933333333333,0.241,0.239,0.233,0.23,data_p
19.4875,0.24,0.239,0.233,0.23,data_p
19.5816666666667,0.24,0.239,0.232,0.23,data_p
19.6758333333333,0.24,0.238,0.233,0.23,data_p
19.77,0.24,0.238,0.233,0.23,data_p
19.8641666666667,0.24,0.239,0.233,0.23,data_p
19.9583333333333,0.24,0.238,0.233,0.23,data_p
20.0525,0.241,0.239,0.233,0.23,data_p
20.1466666666667,0.24,0.238,0.233,0.231,data_p
20.2408333333333,0.241,0.238,0.233,0.23,data_p
20.335,0.241,0.239,0.232,0.23,data_p
20.4291666666667,0.241,0.238,0.233,0.23,data_p
20.5233333333333,0.241,0.239,0.233,0.23,data_p
20.6175,0.24,0.238,0.232,0.23,data_p
20.7116666666667,0.241,0.239,0.233,0.23,data_p
20.8058333333333,0.24,0.239,0.232,0.23,data_p
20.9,0.241,0.239,0.233,0.23,data_p
20.9941666666667,0.241,0.239,0.232,0.23,data_p
21.0883333333333,0.24,0.238,0.232,0.23,data_p
21.1825,0.241,0.239,0.233,0.23,data_p
21.2766666666667,0.241,0.239,0.233,0.23,data_p
21.3708333333333,0.24,0.238,0.232,0.23,data_p
21.465,0.24,0.238,0.232,0.23,data_p
21.5591666666667,0.241,0.239,0.232,0.23,data_p
21.6533333333333,0.24,0.238,0.232,0.23,data_p
21.7475,0.241,0.239,0.232,0.23,data_p
21.8416666666667,0.241,0.238,0.233,0.23,data_p
21.9358333333333,0.241,0.238,0.232,0.23,data_p
22.03,0.241,0.239,0.233,0.23,data_p
22.1241666666667,0.24,0.238,0.232,0.23,data_p
22.2183333333333,0.24,0.239,0.232,0.23,data_p
22.3125,0.24,0.238,0.232,0.23,data_p
22.4069444444444,0.24,0.238,0.231,0.23,data_p
22.5011111111111,0.241,0.239,0.232,0.23,data_p
22.5952777777778,0.24,0.238,0.232,0.23,data_p
22.6894444444444,0.24,0.238,0.232,0.23,data_p
22.7836111111111,0.24,0.238,0.232,0.231,data_p
22.8777777777778,0.24,0.238,0.232,0.23,data_p
22.9719444444444,0.24,0.238,0.232,0.23,data_p
23.0661111111111,0.24,0.237,0.232,0.23,data_p
23.1602777777778,0.24,0.238,0.232,0.23,data_p
23.2544444444444,0.24,0.238,0.231,0.229,data_p
23.3486111111111,0.24,0.238,0.232,0.23,data_p
23.4427777777778,0.24,0.238,0.232,0.229,data_p
23.5369444444444,0.24,0.238,0.232,0.229,data_p
23.6311111111111,0.24,0.238,0.232,0.23,data_p
23.7252777777778,0.24,0.237,0.232,0.229,data_p
23.8194444444444,0.24,0.237,0.232,0.23,data_p
23.9136111111111,0.239,0.238,0.231,0.229,data_p
24.0077777777778,0.239,0.237,0.231,0.23,data_p
24.1019444444444,0.24,0.237,0.231,0.229,data_p
24.1961111111111,0.239,0.237,0.232,0.229,data_p
24.2902777777778,0.239,0.237,0.231,0.23,data_p
24.3844444444444,0.24,0.237,0.232,0.229,data_p
24.4786111111111,0.239,0.237,0.231,0.229,data_p
24.5727777777778,0.24,0.237,0.231,0.229,data_p
24.6669444444444,0.239,0.237,0.231,0.229,data_p
24.7611111111111,0.239,0.237,0.231,0.229,data_p
24.8552777777778,0.24,0.237,0.231,0.229,data_p
24.9494444444444,0.239,0.238,0.231,0.229,data_p
25.0436111111111,0.239,0.236,0.231,0.228,data_p
25.1377777777778,0.239,0.237,0.231,0.228,data_p
25.2319444444444,0.239,0.237,0.231,0.229,data_p
25.3261111111111,0.239,0.236,0.231,0.228,data_p
25.4202777777778,0.239,0.236,0.231,0.228,data_p
25.5144444444444,0.239,0.237,0.231,0.228,data_p
25.6086111111111,0.239,0.237,0.231,0.229,data_p
25.7027777777778,0.239,0.236,0.23,0.228,data_p
25.7969444444444,0.239,0.236,0.23,0.228,data_p
25.8911111111111,0.239,0.236,0.231,0.228,data_p
25.9852777777778,0.238,0.235,0.23,0.227,data_p
26.0794444444444,0.239,0.236,0.231,0.228,data_p
26.1738888888889,0.239,0.236,0.23,0.228,data_p
26.2680555555556,0.239,0.236,0.23,0.228,data_p
26.3619444444444,0.239,0.236,0.23,0.228,data_p
26.4561111111111,0.238,0.236,0.23,0.228,data_p
26.5502777777778,0.238,0.236,0.231,0.227,data_p
26.6444444444444,0.238,0.236,0.231,0.228,data_p
26.7386111111111,0.238,0.236,0.23,0.227,data_p
26.8330555555556,0.238,0.236,0.23,0.228,data_p
26.9272222222222,0.238,0.235,0.23,0.227,data_p
27.0213888888889,0.238,0.236,0.23,0.228,data_p
27.1155555555556,0.238,0.236,0.23,0.227,data_p
27.2097222222222,0.238,0.236,0.23,0.227,data_p
27.3038888888889,0.238,0.236,0.23,0.227,data_p
27.3980555555556,0.238,0.235,0.23,0.227,data_p
27.4922222222222,0.238,0.235,0.229,0.227,data_p
27.5863888888889,0.238,0.236,0.23,0.227,data_p
27.6805555555556,0.238,0.235,0.23,0.227,data_p
27.7747222222222,0.237,0.235,0.229,0.227,data_p
27.8688888888889,0.238,0.235,0.229,0.227,data_p
27.9630555555556,0.238,0.235,0.229,0.227,data_p
28.0572222222222,0.237,0.235,0.229,0.227,data_p
28.1513888888889,0.237,0.235,0.229,0.227,data_p
28.2455555555556,0.237,0.235,0.229,0.226,data_p
28.3397222222222,0.237,0.235,0.229,0.227,data_p
28.4338888888889,0.237,0.235,0.229,0.226,data_p
28.5280555555556,0.238,0.235,0.229,0.226,data_p
28.6222222222222,0.237,0.235,0.229,0.226,data_p
28.7163888888889,0.237,0.235,0.229,0.226,data_p
28.8105555555556,0.237,0.235,0.229,0.226,data_p
28.9047222222222,0.237,0.235,0.229,0.226,data_p
28.9988888888889,0.237,0.234,0.229,0.227,data_p
29.0930555555556,0.238,0.235,0.229,0.226,data_p
29.1872222222222,0.237,0.234,0.228,0.226,data_p
29.2813888888889,0.236,0.234,0.229,0.226,data_p
29.3755555555556,0.237,0.235,0.229,0.226,data_p
29.4697222222222,0.237,0.234,0.229,0.226,data_p
29.5638888888889,0.237,0.234,0.229,0.226,data_p
29.6580555555556,0.236,0.234,0.228,0.226,data_p
29.7522222222222,0.236,0.234,0.228,0.226,data_p
29.8463888888889,0.237,0.235,0.228,0.226,data_p
29.9405555555556,0.236,0.234,0.228,0.226,data_p
30.0347222222222,0.236,0.234,0.228,0.225,data_p
30.1288888888889,0.236,0.234,0.228,0.226,data_p
30.2230555555556,0.236,0.234,0.228,0.226,data_p
30.3172222222222,0.235,0.234,0.228,0.225,data_p
30.4113888888889,0.235,0.234,0.228,0.226,data_p
30.5055555555556,0.235,0.234,0.228,0.226,data_p
30.5997222222222,0.235,0.234,0.228,0.226,data_p
30.6938888888889,0.236,0.234,0.228,0.226,data_p
30.7880555555556,0.235,0.234,0.228,0.226,data_p
30.8822222222222,0.235,0.234,0.228,0.225,data_p
30.9763888888889,0.235,0.234,0.228,0.226,data_p
31.0705555555556,0.234,0.233,0.227,0.225,data_p
31.165,0.234,0.233,0.227,0.225,data_p
31.2591666666667,0.235,0.233,0.227,0.225,data_p
31.3533333333333,0.235,0.233,0.228,0.225,data_p
31.4475,0.234,0.234,0.228,0.225,data_p
31.5419444444444,0.234,0.232,0.227,0.225,data_p
31.6361111111111,0.235,0.233,0.227,0.225,data_p
31.7302777777778,0.234,0.233,0.227,0.225,data_p
31.8244444444444,0.235,0.233,0.227,0.226,data_p
31.9186111111111,0.234,0.233,0.227,0.225,data_p
32.0127777777778,0.234,0.233,0.227,0.225,data_p
32.1069444444444,0.234,0.233,0.227,0.225,data_p
32.2011111111111,0.233,0.233,0.227,0.225,data_p
32.2952777777778,0.233,0.232,0.227,0.225,data_p
32.3894444444445,0.233,0.233,0.227,0.225,data_p
32.4836111111111,0.234,0.233,0.227,0.225,data_p
32.5777777777778,0.233,0.233,0.227,0.226,data_p
32.6719444444444,0.233,0.233,0.227,0.225,data_p
32.7661111111111,0.233,0.232,0.227,0.225,data_p
32.8602777777778,0.233,0.232,0.227,0.225,data_p
32.9544444444444,0.233,0.232,0.227,0.225,data_p
33.0486111111111,0.233,0.232,0.227,0.225,data_p
33.1427777777778,0.232,0.232,0.226,0.225,data_p
33.2369444444444,0.232,0.232,0.226,0.225,data_p
33.3311111111111,0.233,0.232,0.226,0.225,data_p
33.4252777777778,0.232,0.232,0.226,0.225,data_p
33.5194444444444,0.232,0.232,0.226,0.224,data_p
33.6136111111111,0.232,0.232,0.226,0.225,data_p
33.7077777777778,0.232,0.232,0.226,0.224,data_p
33.8019444444444,0.232,0.232,0.226,0.224,data_p
33.8961111111111,0.232,0.231,0.226,0.224,data_p
33.9902777777778,0.231,0.232,0.225,0.224,data_p
34.0844444444444,0.231,0.231,0.225,0.224,data_p
34.1786111111111,0.232,0.232,0.226,0.224,data_p
34.2727777777778,0.231,0.231,0.225,0.224,data_p
34.3669444444444,0.231,0.231,0.225,0.224,data_p
34.4611111111111,0.231,0.231,0.225,0.224,data_p
34.5552777777778,0.231,0.231,0.225,0.224,data_p
34.6494444444444,0.231,0.231,0.225,0.224,data_p
34.7436111111111,0.23,0.23,0.225,0.224,data_p
34.8377777777778,0.23,0.23,0.225,0.224,data_p
34.9319444444444,0.23,0.231,0.225,0.224,data_p
35.0261111111111,0.23,0.231,0.225,0.223,data_p
35.1202777777778,0.231,0.231,0.225,0.224,data_p
35.2144444444444,0.23,0.23,0.225,0.224,data_p
35.3088888888889,0.23,0.23,0.225,0.223,data_p
35.4030555555556,0.23,0.231,0.225,0.224,data_p
35.4969444444444,0.23,0.23,0.225,0.223,data_p
35.5913888888889,0.229,0.23,0.224,0.223,data_p
35.6855555555556,0.229,0.23,0.224,0.223,data_p
35.7797222222222,0.23,0.23,0.224,0.223,data_p
35.8738888888889,0.229,0.229,0.224,0.223,data_p
35.9680555555556,0.229,0.23,0.224,0.223,data_p
36.0622222222222,0.229,0.229,0.224,0.223,data_p
36.1563888888889,0.23,0.229,0.224,0.223,data_p
36.2505555555556,0.229,0.229,0.224,0.222,data_p
36.3447222222222,0.229,0.23,0.224,0.223,data_p
36.4388888888889,0.229,0.229,0.223,0.223,data_p
36.5330555555556,0.229,0.229,0.224,0.222,data_p
36.6272222222222,0.229,0.229,0.223,0.222,data_p
36.7213888888889,0.229,0.229,0.223,0.222,data_p
36.8155555555556,0.229,0.228,0.223,0.223,data_p
36.9097222222222,0.228,0.229,0.223,0.222,data_p
37.0038888888889,0.228,0.228,0.223,0.222,data_p
37.0980555555556,0.229,0.229,0.223,0.222,data_p
37.1922222222222,0.228,0.228,0.222,0.222,data_p
37.2866666666667,0.227,0.228,0.222,0.222,data_p
37.3808333333333,0.228,0.228,0.223,0.222,data_p
37.475,0.228,0.228,0.223,0.222,data_p
37.5691666666667,0.228,0.228,0.222,0.221,data_p
37.6633333333333,0.227,0.227,0.222,0.221,data_p
37.7575,0.227,0.227,0.222,0.221,data_p
37.8516666666667,0.227,0.227,0.222,0.221,data_p
37.9463888888889,0.227,0.227,0.222,0.221,data_p
38.0405555555556,0.227,0.227,0.222,0.221,data_p
38.1347222222222,0.227,0.227,0.221,0.221,data_p
38.2288888888889,0.227,0.227,0.222,0.221,data_p
38.3230555555556,0.227,0.227,0.222,0.221,data_p
38.4172222222222,0.227,0.226,0.221,0.221,data_p
38.5116666666667,0.227,0.226,0.221,0.221,data_p
38.6055555555556,0.227,0.227,0.222,0.221,data_p
38.6997222222222,0.226,0.226,0.222,0.221,data_p
38.7938888888889,0.226,0.226,0.221,0.22,data_p
38.8880555555556,0.226,0.226,0.221,0.221,data_p
38.9822222222222,0.226,0.226,0.221,0.22,data_p
39.0766666666667,0.226,0.225,0.221,0.22,data_p
39.1708333333333,0.226,0.226,0.221,0.22,data_p
39.265,0.225,0.225,0.221,0.22,data_p
39.3591666666667,0.225,0.225,0.22,0.219,data_p
39.4533333333333,0.225,0.225,0.221,0.22,data_p
39.5475,0.225,0.225,0.221,0.22,data_p
39.6416666666667,0.225,0.225,0.22,0.22,data_p
39.7358333333333,0.225,0.224,0.22,0.219,data_p
39.83,0.225,0.225,0.22,0.22,data_p
39.9241666666667,0.225,0.224,0.219,0.219,data_p
40.0183333333333,0.225,0.224,0.22,0.22,data_p
40.1125,0.225,0.224,0.22,0.219,data_p
40.2066666666667,0.225,0.224,0.22,0.219,data_p
40.3008333333333,0.224,0.224,0.219,0.219,data_p
40.395,0.224,0.224,0.219,0.219,data_p
40.4891666666667,0.224,0.224,0.219,0.219,data_p
40.5833333333333,0.224,0.224,0.219,0.219,data_p
40.6775,0.224,0.223,0.219,0.218,data_p
40.7716666666667,0.224,0.223,0.218,0.219,data_p
40.8658333333333,0.224,0.224,0.219,0.218,data_p
40.96,0.223,0.223,0.219,0.219,data_p
41.0541666666667,0.223,0.223,0.219,0.218,data_p
41.1483333333333,0.223,0.223,0.219,0.218,data_p
41.2425,0.223,0.223,0.218,0.218,data_p
41.3366666666667,0.223,0.223,0.218,0.218,data_p
41.4308333333333,0.223,0.222,0.217,0.217,data_p
41.525,0.223,0.222,0.218,0.218,data_p
41.6191666666667,0.223,0.222,0.218,0.218,data_p
41.7133333333333,0.223,0.222,0.218,0.217,data_p
41.8075,0.222,0.222,0.218,0.218,data_p
41.9016666666667,0.222,0.222,0.217,0.217,data_p
41.9961111111111,0.222,0.221,0.217,0.217,data_p
42.09,0.222,0.221,0.217,0.216,data_p
42.1844444444444,0.222,0.221,0.217,0.217,data_p
42.2786111111111,0.222,0.222,0.217,0.217,data_p
42.3727777777778,0.222,0.221,0.217,0.216,data_p
42.4669444444444,0.222,0.221,0.217,0.216,data_p
42.5611111111111,0.221,0.221,0.216,0.216,data_p
42.655,0.221,0.221,0.216,0.216,data_p
42.7494444444444,0.221,0.22,0.216,0.216,data_p
42.8436111111111,0.221,0.221,0.216,0.216,data_p
42.9377777777778,0.221,0.221,0.216,0.216,data_p
43.0319444444444,0.22,0.22,0.216,0.216,data_p
43.1261111111111,0.221,0.22,0.216,0.215,data_p
43.2208333333333,0.221,0.22,0.216,0.215,data_p
43.3152777777778,0.221,0.22,0.216,0.215,data_p
43.4094444444444,0.22,0.22,0.215,0.215,data_p
43.5036111111111,0.221,0.22,0.215,0.215,data_p
43.5977777777778,0.22,0.22,0.215,0.215,data_p
43.6919444444444,0.22,0.219,0.215,0.214,data_p
43.7861111111111,0.22,0.22,0.215,0.214,data_p
43.8802777777778,0.22,0.219,0.215,0.214,data_p
43.9744444444444,0.22,0.22,0.215,0.214,data_p
44.0686111111111,0.22,0.219,0.215,0.214,data_p
44.1627777777778,0.22,0.219,0.215,0.214,data_p
44.2569444444444,0.22,0.219,0.215,0.213,data_p
44.3511111111111,0.22,0.219,0.214,0.214,data_p
44.4452777777778,0.22,0.219,0.214,0.213,data_p
44.5394444444444,0.218,0.219,0.214,0.213,data_p
44.6336111111111,0.22,0.219,0.214,0.213,data_p
44.7277777777778,0.219,0.218,0.213,0.213,data_p
44.8219444444444,0.219,0.219,0.214,0.213,data_p
44.9161111111111,0.219,0.218,0.214,0.213,data_p
45.0102777777778,0.218,0.218,0.213,0.212,data_p
45.1044444444444,0.218,0.218,0.213,0.212,data_p
45.1986111111111,0.218,0.218,0.213,0.212,data_p
45.2927777777778,0.219,0.218,0.213,0.212,data_p
45.3869444444444,0.218,0.217,0.213,0.212,data_p
45.4811111111111,0.218,0.217,0.212,0.212,data_p
45.5752777777778,0.218,0.217,0.212,0.212,data_p
45.6694444444444,0.218,0.217,0.212,0.212,data_p
45.7636111111111,0.218,0.217,0.213,0.212,data_p
45.8580555555556,0.217,0.217,0.212,0.212,data_p
45.9530555555556,0.218,0.217,0.212,0.211,data_p
46.0472222222222,0.217,0.217,0.212,0.211,data_p
46.1413888888889,0.217,0.217,0.212,0.211,data_p
46.2355555555556,0.217,0.217,0.212,0.211,data_p
46.3297222222222,0.217,0.217,0.212,0.211,data_p
46.4238888888889,0.217,0.217,0.212,0.211,data_p
46.5180555555556,0.217,0.217,0.212,0.211,data_p
46.6122222222222,0.217,0.217,0.211,0.211,data_p
46.7066666666667,0.217,0.217,0.211,0.21,data_p
46.8008333333333,0.217,0.216,0.211,0.21,data_p
46.895,0.217,0.216,0.211,0.211,data_p
46.9891666666667,0.217,0.217,0.211,0.211,data_p
47.0833333333333,0.217,0.216,0.211,0.21,data_p
47.1775,0.217,0.216,0.212,0.21,data_p
47.2716666666667,0.217,0.217,0.211,0.21,data_p
47.3658333333333,0.217,0.216,0.211,0.21,data_p
