Time_h,Mean_OD_Donor_2,Std_OD_Donor_2,Mean_OD_Donor_3,Std_OD_Donor_3,Mean_OD_Donor_4,Std_OD_Donor_4,Mean_OD_Donor_5,Std_OD_Donor_5,Mean_OD_Donor_6,Std_OD_Donor_6,Mean_OD_Donor_7,Std_OD_Donor_7,Mean_OD_Donor_8,Std_OD_Donor_8
0,0.004,0.003,0.00333333333333334,0.0030550504633039,0.00366666666666667,0.000577350269189626,0.00133333333333333,0.00251661147842359,0.001,0.002,0.001,0.00173205080756888,0.005,0.003
0.108888888888889,0.004,0.002,0.0116666666666667,0.00251661147842358,0.00366666666666667,0.00152752523165195,0.003,0.002,0.00700000000000001,0.004,0.00933333333333334,0.00650640709864771,0.00700000000000001,0.001
0.217777777777778,0.00333333333333334,0.00208166599946613,0.00666666666666667,0.00416333199893227,0.002,0.00173205080756888,0.00133333333333333,0.000577350269189626,0.00600000000000001,0.00458257569495584,0.00666666666666667,0.00351188458428425,0.00600000000000001,0.005
0.326666666666667,0.00166666666666667,0.00251661147842359,0.000666666666666667,0.000577350269189626,0.002,0.001,0.000333333333333334,0.00115470053837925,0.000666666666666667,0.00208166599946613,0.00266666666666667,0.00152752523165195,0.00433333333333334,0.00351188458428425
0.435555555555556,0.002,0.002,0.000333333333333334,0.00115470053837925,0.00233333333333334,0.00115470053837925,0.001,0.001,-0.000666666666666667,0.000577350269189626,0.00166666666666667,0.000577350269189626,0.00433333333333334,0.00251661147842359
0.544444444444445,0.00266666666666667,0.00251661147842359,0.000666666666666667,0.00152752523165195,0.003,0.00173205080756888,0.00133333333333333,0.00115470053837925,-0.000333333333333334,0.000577350269189626,0.00233333333333334,0.000577350269189626,0.00533333333333334,0.00251661147842359
0.653333333333333,0.00366666666666667,0.00251661147842359,0.001,0.001,0.004,0.00173205080756888,0.002,0.001,0,0,0.00333333333333334,0.000577350269189626,0.00666666666666667,0.00208166599946613
0.762222222222222,0.005,0.002,0.002,0.001,0.00533333333333334,0.00115470053837925,0.003,0.001,0.001,0,0.00433333333333334,0.000577350269189626,0.00866666666666667,0.00208166599946613
0.871111111111111,0.00633333333333334,0.00251661147842359,0.00266666666666667,0.00152752523165195,0.00700000000000001,0.001,0.00433333333333334,0.00115470053837925,0.00166666666666667,0.000577350269189626,0.00600000000000001,0.001,0.0103333333333333,0.00152752523165195
0.98,0.00833333333333334,0.00251661147842359,0.004,0.001,0.00933333333333334,0.00115470053837925,0.00633333333333334,0.00152752523165195,0.00366666666666667,0.000577350269189626,0.00866666666666667,0.000577350269189626,0.013,0.00173205080756887
1.08861111111111,0.011,0.003,0.00533333333333334,0.00152752523165195,0.0116666666666667,0.000577350269189626,0.00800000000000001,0.002,0.00533333333333334,0.000577350269189626,0.0106666666666667,0.000577350269189626,0.0156666666666667,0.00115470053837925
1.1975,0.0133333333333333,0.00251661147842358,0.00700000000000001,0.001,0.0143333333333333,0.000577350269189626,0.00966666666666668,0.00152752523165195,0.00700000000000001,0.001,0.013,0.000999999999999994,0.018,0.00173205080756888
1.30638888888889,0.0166666666666667,0.0030550504633039,0.00966666666666668,0.00115470053837925,0.0176666666666667,0.000577350269189626,0.013,0.00173205080756887,0.0106666666666667,0.00115470053837925,0.0166666666666667,0.00152752523165195,0.0213333333333333,0.00152752523165195
1.41527777777778,0.0196666666666667,0.0030550504633039,0.0116666666666667,0.00115470053837925,0.0203333333333333,0.000577350269189626,0.0153333333333333,0.00208166599946613,0.013,0.000999999999999994,0.019,0.001,0.0246666666666667,0.00152752523165195
1.52416666666667,0.0256666666666667,0.0030550504633039,0.0146666666666667,0.00115470053837925,0.0253333333333333,0.000577350269189626,0.019,0.002,0.0166666666666667,0.00115470053837925,0.023,0.001,0.0303333333333333,0.00152752523165194
1.63305555555556,0.031,0.00360555127546399,0.017,0.001,0.0303333333333333,0.000577350269189626,0.0233333333333333,0.00208166599946613,0.021,0.00173205080756888,0.028,0.00173205080756887,0.0363333333333333,0.00208166599946613
1.74194444444444,0.039,0.00435889894354068,0.021,0.002,0.0376666666666667,0.000577350269189626,0.0296666666666667,0.00251661147842358,0.026,0.00173205080756888,0.034,0.00264575131106459,0.0436666666666667,0.0023094010767585
1.85055555555556,0.0473333333333333,0.00416333199893227,0.0256666666666667,0.00152752523165195,0.0446666666666667,0.000577350269189626,0.0353333333333333,0.0030550504633039,0.0316666666666667,0.00208166599946613,0.0406666666666667,0.00288675134594813,0.0516666666666667,0.00230940107675849
1.95944444444444,0.0556666666666667,0.0030550504633039,0.0313333333333333,0.00208166599946613,0.0536666666666667,0.000577350269189626,0.0443333333333333,0.0030550504633039,0.0393333333333333,0.00321455025366432,0.0496666666666667,0.00288675134594812,0.0606666666666667,0.0023094010767585
2.06833333333333,0.062,0.00360555127546399,0.0383333333333333,0.00208166599946613,0.0606666666666667,0.000577350269189626,0.052,0.00264575131106458,0.0466666666666667,0.00208166599946613,0.0596666666666667,0.00378593889720019,0.067,0.00173205080756888
2.17722222222222,0.0686666666666667,0.00378593889720019,0.046,0.00264575131106459,0.0666666666666667,0.000577350269189626,0.058,0.00264575131106459,0.0496666666666667,0.00208166599946613,0.069,0.00435889894354068,0.073,0.00264575131106459
2.28611111111111,0.079,0.00435889894354066,0.0523333333333333,0.00208166599946612,0.0736666666666667,0.000577350269189626,0.0663333333333333,0.0030550504633039,0.054,0.00264575131106458,0.0776666666666667,0.00208166599946613,0.0803333333333334,0.00208166599946613
2.39472222222222,0.086,0.00264575131106459,0.0566666666666667,0.0023094010767585,0.079,0,0.073,0.002,0.0596666666666667,0.0030550504633039,0.082,0.00264575131106458,0.085,0.00173205080756886
2.50361111111111,0.091,0.00264575131106459,0.063,0.00264575131106459,0.084,1.69967494438815e-17,0.0786666666666667,0.00251661147842359,0.0643333333333333,0.00251661147842359,0.0853333333333333,0.00230940107675851,0.0903333333333333,0.00115470053837925
2.6125,0.0966666666666667,0.0030550504633039,0.0693333333333333,0.00288675134594813,0.0893333333333333,0.000577350269189626,0.085,0.00199999999999999,0.0673333333333333,0.00251661147842359,0.09,0.00264575131106459,0.0953333333333333,0.00208166599946613
2.72138888888889,0.102666666666667,0.0030550504633039,0.0736666666666667,0.0023094010767585,0.094,1.69967494438815e-17,0.0906666666666667,0.00251661147842359,0.0703333333333333,0.00321455025366432,0.094,0.00264575131106459,0.0996666666666667,0.00152752523165195
2.83027777777778,0.107666666666667,0.0030550504633039,0.0776666666666667,0.0023094010767585,0.098,1.69967494438815e-17,0.0966666666666667,0.00251661147842359,0.0743333333333333,0.00351188458428425,0.098,0.00264575131106459,0.103,0.001
2.93916666666667,0.113333333333333,0.00351188458428423,0.0813333333333334,0.00288675134594813,0.101,1.69967494438815e-17,0.102666666666667,0.00251661147842359,0.0776666666666667,0.0030550504633039,0.100666666666667,0.00208166599946613,0.105,0.001
3.04805555555556,0.118666666666667,0.00351188458428423,0.0846666666666667,0.00230940107675849,0.102333333333333,0.000577350269189626,0.108,0.003,0.0806666666666667,0.00305505046330388,0.102,0.00173205080756888,0.105666666666667,0.00115470053837925
3.15694444444444,0.123333333333333,0.00351188458428425,0.0866666666666667,0.00230940107675851,0.103666666666667,0.000577350269189626,0.113666666666667,0.00251661147842357,0.085,0.00360555127546398,0.103666666666667,0.00208166599946613,0.106666666666667,0.00115470053837925
3.26583333333333,0.129333333333333,0.00351188458428425,0.0886666666666667,0.00230940107675851,0.104,1.69967494438815e-17,0.119,0.003,0.0883333333333333,0.00351188458428425,0.103666666666667,0.00208166599946613,0.106333333333333,0.00152752523165195
3.37444444444444,0.134333333333333,0.00404145188432738,0.0896666666666667,0.00230940107675851,0.104333333333333,0.000577350269189626,0.123666666666667,0.00351188458428425,0.0916666666666667,0.00404145188432738,0.103,0.00264575131106459,0.106666666666667,0.00115470053837925
3.48333333333333,0.139,0.003,0.0906666666666667,0.00230940107675851,0.105,1.69967494438815e-17,0.129666666666667,0.00351188458428425,0.096,0.004,0.104666666666667,0.00208166599946613,0.107,0.00173205080756888
3.59222222222222,0.143333333333333,0.00351188458428423,0.092,0.00264575131106459,0.105666666666667,0.000577350269189626,0.136666666666667,0.00351188458428425,0.1,0.004,0.104666666666667,0.00208166599946613,0.107333333333333,0.00152752523165195
3.70111111111111,0.151,0.004,0.0936666666666667,0.00230940107675851,0.106333333333333,0.000577350269189626,0.144333333333333,0.00404145188432737,0.104333333333333,0.0045092497528229,0.105333333333333,0.00251661147842359,0.108,0.00173205080756888
3.81,0.155,0.004,0.0946666666666667,0.00230940107675851,0.106333333333333,0.000577350269189626,0.152666666666667,0.0045092497528229,0.106666666666667,0.00404145188432738,0.103666666666667,0.00208166599946613,0.108,0.00264575131106459
3.91888888888889,0.162,0.004,0.0956666666666667,0.00230940107675851,0.106333333333333,0.000577350269189626,0.163666666666667,0.0045092497528229,0.112333333333333,0.00450924975282288,0.105333333333333,0.00251661147842359,0.108666666666667,0.00208166599946613
4.02777777777778,0.168,0.004,0.0966666666666667,0.00230940107675851,0.107,0.001,0.174,0.005,0.116666666666667,0.00450924975282288,0.105333333333333,0.00251661147842359,0.109,0.00264575131106459
4.13666666666667,0.174333333333333,0.0045092497528229,0.0983333333333333,0.00288675134594813,0.107333333333333,0.00152752523165195,0.183666666666667,0.00550757054728611,0.122,0.005,0.105333333333333,0.00251661147842359,0.109333333333333,0.00251661147842359
4.24555555555555,0.185,0.004,0.100333333333333,0.00288675134594813,0.107666666666667,0.00115470053837925,0.194666666666667,0.00550757054728608,0.128,0.005,0.105666666666667,0.0030550504633039,0.109666666666667,0.0030550504633039
4.35444444444444,0.191666666666667,0.00404145188432735,0.101666666666667,0.00321455025366432,0.108333333333333,0.00152752523165195,0.205,0.00556776436283003,0.134666666666667,0.00550757054728611,0.105666666666667,0.0030550504633039,0.110666666666667,0.0030550504633039
4.46333333333333,0.2,0.004,0.103,0.00346410161513776,0.108333333333333,0.00152752523165195,0.217666666666667,0.00650640709864772,0.143,0.00599999999999999,0.106,0.00264575131106459,0.110666666666667,0.0030550504633039
4.57194444444444,0.21,0.004,0.105333333333333,0.00288675134594813,0.109,0.002,0.232333333333333,0.0070237691685685,0.149333333333333,0.0065064070986477,0.105666666666667,0.0030550504633039,0.110666666666667,0.0030550504633039
4.68083333333333,0.219666666666667,0.00404145188432738,0.107333333333333,0.00378593889720019,0.108666666666667,0.00208166599946613,0.247333333333333,0.00702376916856849,0.158666666666667,0.00650640709864772,0.106666666666667,0.0030550504633039,0.111333333333333,0.00321455025366432
4.78972222222222,0.226666666666667,0.0045092497528229,0.109333333333333,0.00378593889720019,0.109666666666667,0.00208166599946613,0.26,0.00655743852430201,0.167333333333333,0.0070237691685685,0.106333333333333,0.00351188458428425,0.111333333333333,0.00351188458428425
4.89861111111111,0.238333333333333,0.00404145188432738,0.112333333333333,0.00378593889720019,0.11,0.00264575131106459,0.274333333333333,0.0070237691685685,0.178,0.00754983443527076,0.107,0.00360555127546399,0.112666666666667,0.00305505046330388
5.0075,0.25,0.00499999999999999,0.115333333333333,0.00378593889720017,0.111,0.00264575131106459,0.288666666666667,0.00808290376865477,0.189666666666667,0.00808290376865474,0.107333333333333,0.00351188458428425,0.113,0.00360555127546398
5.11638888888889,0.259666666666667,0.00503322295684717,0.118666666666667,0.00416333199893225,0.111333333333333,0.00251661147842359,0.301666666666667,0.00808290376865477,0.201333333333333,0.00862167810425169,0.108,0.003,0.113333333333333,0.00351188458428423
5.225,0.273333333333333,0.00513160143944689,0.121666666666667,0.00416333199893227,0.111666666666667,0.0030550504633039,0.316,0.00854400374531749,0.214,0.00916515138991169,0.108333333333333,0.00351188458428425,0.114,0.00360555127546398
5.33388888888889,0.289333333333333,0.00513160143944689,0.124666666666667,0.00416333199893227,0.111666666666667,0.0030550504633039,0.329666666666667,0.00850490054811539,0.226333333333333,0.00929157324317758,0.108,0.00360555127546399,0.114,0.00360555127546398
5.44277777777778,0.303666666666667,0.00503322295684717,0.128333333333333,0.00472581562625261,0.112,0.003,0.346,0.00953939201416946,0.238,0.00984885780179611,0.108333333333333,0.00351188458428425,0.114333333333333,0.00351188458428423
5.55166666666667,0.316333333333333,0.00550757054728605,0.132333333333333,0.00472581562625261,0.112666666666667,0.00305505046330388,0.362333333333333,0.0100166528008778,0.251,0.010816653826392,0.108333333333333,0.00351188458428425,0.115,0.00399999999999999
5.66055555555556,0.329333333333333,0.00550757054728611,0.136666666666667,0.00513160143944689,0.112666666666667,0.00305505046330388,0.378,0.00953939201416946,0.263333333333333,0.0112398102000583,0.108333333333333,0.00351188458428425,0.115333333333333,0.00351188458428423
5.76944444444444,0.343333333333333,0.0045092497528229,0.140666666666667,0.00513160143944689,0.113333333333333,0.00351188458428423,0.394,0.0105356537528527,0.275333333333333,0.0119303534454489,0.109,0.004,0.116,0.00360555127546398
5.87833333333333,0.354666666666667,0.00550757054728611,0.145,0.00529150262212917,0.113666666666667,0.00305505046330388,0.411333333333333,0.0110151410945722,0.286666666666667,0.0123423390543824,0.108666666666667,0.00351188458428425,0.116333333333333,0.00351188458428424
5.98722222222222,0.367666666666667,0.00550757054728611,0.149666666666667,0.00513160143944687,0.114333333333333,0.00351188458428423,0.427,0.0115325625946708,0.299333333333333,0.0128970280814354,0.109,0.004,0.117,0.00360555127546398
6.09611111111111,0.377666666666667,0.00550757054728611,0.154333333333333,0.00568624070307733,0.114333333333333,0.00351188458428423,0.442,0.0115325625946708,0.311333333333333,0.0128970280814354,0.109333333333333,0.00351188458428425,0.117333333333333,0.00351188458428424
6.205,0.388666666666667,0.00550757054728611,0.159333333333333,0.00568624070307733,0.114666666666667,0.00305505046330388,0.456,0.0115325625946708,0.322666666666667,0.0133166562369587,0.109333333333333,0.00351188458428425,0.117666666666667,0.00404145188432737
6.31388888888889,0.400666666666667,0.00550757054728611,0.164333333333333,0.00568624070307733,0.115666666666667,0.00404145188432737,0.467,0.00953939201416941,0.336,0.0137477270848675,0.11,0.004,0.118666666666667,0.00404145188432737
6.42277777777778,0.414333333333333,0.00550757054728611,0.17,0.0062449979983984,0.116,0.00360555127546398,0.470333333333333,0.00960902353693301,0.348,0.0137477270848675,0.109666666666667,0.00404145188432738,0.119,0.00458257569495583
6.53166666666667,0.426,0.00600000000000001,0.175,0.0062449979983984,0.116666666666667,0.00404145188432737,0.470666666666667,0.00907377172587742,0.359,0.0147309198626562,0.11,0.004,0.119666666666667,0.00404145188432738
6.64055555555556,0.437,0.005,0.181666666666667,0.00680685928555405,0.117666666666667,0.00404145188432737,0.471666666666667,0.00907377172587742,0.371666666666667,0.0142945210949277,0.110666666666667,0.00404145188432738,0.120666666666667,0.00404145188432738
6.74944444444444,0.449666666666667,0.00550757054728611,0.188666666666667,0.00680685928555403,0.118666666666667,0.00404145188432737,0.472,0.00953939201416941,0.383,0.0147309198626562,0.111333333333333,0.00351188458428425,0.121666666666667,0.00404145188432738
6.85833333333333,0.462333333333333,0.00550757054728611,0.195666666666667,0.00680685928555402,0.119333333333333,0.00450924975282288,0.471333333333333,0.00960902353693301,0.393,0.0141067359796659,0.111,0.004,0.122333333333333,0.0045092497528229
6.96722222222222,0.470333333333333,0.00602771377334166,0.202666666666667,0.00776745346515404,0.119666666666667,0.00404145188432738,0.471,0.00953939201416941,0.402666666666667,0.011060440015358,0.111666666666667,0.00351188458428425,0.123,0.00458257569495584
7.07611111111111,0.484666666666667,0.00602771377334171,0.211333333333333,0.007371114795832,0.121333333333333,0.0045092497528229,0.471666666666667,0.0100664459136943,0.406,0.00854400374531754,0.112333333333333,0.00351188458428423,0.124333333333333,0.0045092497528229
7.185,0.489666666666667,0.00585946527708232,0.218666666666667,0.00776745346515404,0.121333333333333,0.0045092497528229,0.471,0.0101488915650922,0.405666666666667,0.00763762615825974,0.112,0.00399999999999999,0.125,0.00458257569495584
7.29388888888889,0.491,0.00529150262212919,0.226666666666667,0.00776745346515404,0.122666666666667,0.00503322295684717,0.471333333333333,0.0100166528008778,0.406,0.00721110255092799,0.112666666666667,0.00351188458428424,0.126,0.00458257569495584
7.40277777777778,0.490666666666667,0.00577350269189626,0.234333333333333,0.007371114795832,0.123666666666667,0.00503322295684717,0.471,0.0101488915650922,0.404666666666667,0.00763762615825974,0.113,0.00399999999999999,0.127,0.00458257569495584
7.51166666666667,0.490333333333333,0.00550757054728611,0.241666666666667,0.00776745346515404,0.124333333333333,0.0045092497528229,0.470666666666667,0.0100664459136943,0.405,0.00721110255092799,0.113,0.00399999999999999,0.128,0.00458257569495584
7.62027777777778,0.489666666666667,0.00577350269189626,0.248666666666667,0.00776745346515402,0.125666666666667,0.00503322295684717,0.471666666666667,0.0100664459136943,0.406666666666667,0.00642910050732864,0.114,0.00399999999999999,0.129,0.00458257569495584
7.72916666666667,0.488666666666667,0.00577350269189626,0.255666666666667,0.00776745346515402,0.126666666666667,0.00503322295684717,0.471333333333333,0.0100166528008778,0.408,0.00608276253029822,0.114,0.00399999999999999,0.13,0.00458257569495584
7.83805555555556,0.488333333333333,0.00635085296108589,0.263666666666667,0.00776745346515404,0.128,0.005,0.471333333333333,0.0100166528008778,0.405666666666667,0.007371114795832,0.115,0.00399999999999999,0.131,0.00458257569495584
7.94694444444444,0.487,0.00608276253029822,0.270333333333333,0.00763762615825974,0.129333333333333,0.00550757054728611,0.471333333333333,0.0105987420637231,0.406,0.00700000000000001,0.115,0.00399999999999999,0.133,0.00458257569495584
8.05583333333333,0.487333333333333,0.00550757054728611,0.279,0.00818535277187246,0.131,0.00600000000000001,0.472333333333333,0.0105987420637231,0.406333333333333,0.00757187779440037,0.116,0.00399999999999999,0.134,0.00458257569495584
8.16472222222222,0.487333333333333,0.00635085296108589,0.285666666666667,0.00808290376865477,0.132333333333333,0.00550757054728611,0.472333333333333,0.0105987420637231,0.406666666666667,0.00723417813807024,0.116333333333333,0.00351188458428424,0.135333333333333,0.00416333199893227
8.27361111111111,0.486666666666667,0.0066583281184794,0.293,0.00854400374531754,0.133333333333333,0.00550757054728611,0.472666666666667,0.011060440015358,0.406,0.00781024967590666,0.116333333333333,0.00351188458428424,0.137,0.00458257569495584
8.38222222222222,0.485666666666667,0.0066583281184794,0.301333333333333,0.00802080627701065,0.134666666666667,0.00550757054728611,0.472666666666667,0.0106926766215636,0.406,0.00871779788708136,0.117,0.00399999999999999,0.138,0.00458257569495584
8.49111111111111,0.484666666666667,0.0066583281184794,0.307,0.00754983443527076,0.135666666666667,0.00550757054728611,0.471666666666667,0.011060440015358,0.405,0.00871779788708136,0.117,0.00399999999999999,0.139333333333333,0.00513160143944689
8.6,0.484666666666667,0.00750555349946514,0.315333333333333,0.0080208062770106,0.138,0.00600000000000001,0.473666666666667,0.011060440015358,0.406666666666667,0.00814452781524708,0.118,0.00399999999999999,0.141333333333333,0.00513160143944687
8.70888888888889,0.484,0.00692820323027552,0.322666666666667,0.00850490054811533,0.139333333333333,0.00650640709864772,0.473,0.01113552872566,0.405666666666667,0.00896288643983251,0.118666666666667,0.00351188458428423,0.143333333333333,0.00513160143944687
8.81777777777778,0.484,0.00692820323027552,0.33,0.00900000000000001,0.141,0.00599999999999999,0.472666666666667,0.0116761865920913,0.406,0.00953939201416946,0.118666666666667,0.00404145188432737,0.144666666666667,0.00568624070307732
8.92666666666667,0.484333333333333,0.00723417813807024,0.337666666666667,0.00850490054811539,0.143333333333333,0.0065064070986477,0.474,0.01113552872566,0.406666666666667,0.0098657657246325,0.12,0.004,0.146333333333333,0.00513160143944687
9.03555555555556,0.482666666666667,0.00750555349946508,0.344666666666667,0.0090184995056458,0.144666666666667,0.0065064070986477,0.473,0.01113552872566,0.405333333333333,0.0101159939369957,0.12,0.004,0.148333333333333,0.00513160143944688
9.14444444444445,0.482666666666667,0.00750555349946508,0.352333333333333,0.00850490054811539,0.147,0.00599999999999999,0.473666666666667,0.0116761865920913,0.406,0.0103923048454133,0.121,0.004,0.150333333333333,0.00513160143944688
9.25333333333333,0.481333333333333,0.00814452781524702,0.359,0.00916515138991169,0.149,0.00699999999999999,0.472666666666667,0.0116761865920913,0.405666666666667,0.0106926766215636,0.121333333333333,0.00351188458428425,0.152333333333333,0.00513160143944689
9.36222222222222,0.482333333333333,0.0080829037686547,0.365666666666667,0.00862167810425172,0.151333333333333,0.00750555349946513,0.473666666666667,0.0116761865920913,0.406333333333333,0.0101159939369957,0.122,0.004,0.154333333333333,0.00513160143944689
9.47111111111111,0.481666666666667,0.00838649708360603,0.373,0.00818535277187246,0.153333333333333,0.00750555349946513,0.474,0.0121243556529821,0.406333333333333,0.0110151410945722,0.122666666666667,0.00404145188432738,0.157,0.00556776436283003
9.58,0.480666666666667,0.00838649708360603,0.378333333333333,0.00873689494805411,0.155666666666667,0.00802080627701065,0.474,0.0121243556529821,0.407333333333333,0.0101159939369957,0.123666666666667,0.00404145188432738,0.158666666666667,0.00568624070307733
9.68888888888889,0.481333333333333,0.0080829037686547,0.385666666666667,0.00929157324317758,0.158333333333333,0.00750555349946514,0.474333333333333,0.0122202018532155,0.408,0.0104403065089106,0.124333333333333,0.0045092497528229,0.161,0.00556776436283003
9.79777777777778,0.48,0.0078102496759066,0.389333333333333,0.00838649708360609,0.160666666666667,0.00802080627701065,0.474,0.0121243556529821,0.407666666666667,0.0106926766215636,0.124666666666667,0.00404145188432738,0.163333333333333,0.00611010092660779
9.90638888888889,0.481,0.0078102496759066,0.392,0.00781024967590666,0.163666666666667,0.00802080627701065,0.474333333333333,0.0122202018532155,0.408666666666667,0.0106926766215636,0.125666666666667,0.00404145188432738,0.166,0.00556776436283003
10.0152777777778,0.48,0.00866025403784433,0.392,0.00793725393319378,0.165666666666667,0.00802080627701065,0.474333333333333,0.0122202018532155,0.409,0.0103923048454133,0.126333333333333,0.0045092497528229,0.168666666666667,0.00602771377334171
10.1241666666667,0.479333333333333,0.0080829037686547,0.391,0.00818535277187246,0.168,0.00854400374531754,0.474,0.0121243556529821,0.409333333333333,0.0101159939369957,0.126333333333333,0.0045092497528229,0.170666666666667,0.00602771377334171
10.2330555555556,0.479666666666667,0.00838649708360603,0.390666666666667,0.00832666399786454,0.170333333333333,0.00850490054811539,0.473333333333333,0.0122202018532155,0.408666666666667,0.0106926766215636,0.127,0.004,0.173666666666667,0.00602771377334171
10.3419444444444,0.479,0.00866025403784433,0.39,0.00818535277187246,0.173333333333333,0.00850490054811539,0.474,0.0127671453348037,0.409666666666667,0.0106926766215636,0.127666666666667,0.00404145188432738,0.176,0.00655743852430201
10.4508333333333,0.479,0.00866025403784433,0.389,0.00818535277187246,0.176333333333333,0.00850490054811539,0.474333333333333,0.0122202018532155,0.409666666666667,0.0106926766215636,0.128333333333333,0.0045092497528229,0.178333333333333,0.00611010092660779
10.56,0.478,0.00871779788708129,0.388333333333333,0.00850490054811539,0.178666666666667,0.0090184995056458,0.474,0.0127671453348037,0.410333333333333,0.0110151410945722,0.128666666666667,0.00404145188432738,0.182,0.00655743852430201
10.6688888888889,0.478666666666667,0.00838649708360603,0.387666666666667,0.00814452781524708,0.182,0.00900000000000001,0.474333333333333,0.0122202018532155,0.410333333333333,0.0110151410945722,0.129666666666667,0.00404145188432738,0.185,0.00655743852430201
10.7777777777778,0.478,0.00866025403784433,0.387666666666667,0.00814452781524708,0.185,0.00953939201416944,0.474666666666667,0.0126622799421483,0.411,0.0112694276695847,0.129666666666667,0.00404145188432738,0.188,0.00655743852430198
10.8863888888889,0.478333333333333,0.00896288643983245,0.387,0.00871779788708136,0.188333333333333,0.00950438495292215,0.475,0.0127671453348037,0.411666666666667,0.0106926766215636,0.130333333333333,0.00351188458428425,0.191,0.00655743852430198
10.9952777777778,0.477666666666667,0.00838649708360603,0.387,0.00871779788708136,0.191,0.00999999999999998,0.474666666666667,0.0126622799421483,0.411333333333333,0.0110151410945722,0.131333333333333,0.00351188458428425,0.194666666666667,0.00702376916856847
11.1041666666667,0.477,0.0095393920141694,0.386333333333333,0.00929157324317758,0.194666666666667,0.0100166528008778,0.474,0.0127671453348037,0.411,0.0112694276695847,0.131333333333333,0.00351188458428425,0.197333333333333,0.00709459888459757
11.2133333333333,0.477333333333333,0.00896288643983245,0.386666666666667,0.0098657657246325,0.198333333333333,0.0105039675043925,0.474333333333333,0.0132035348802255,0.411666666666667,0.0106926766215636,0.132333333333333,0.00351188458428425,0.201333333333333,0.00709459888459759
11.3222222222222,0.477333333333333,0.00896288643983245,0.386333333333333,0.0101159939369957,0.201666666666667,0.0100166528008778,0.474333333333333,0.0132035348802255,0.411666666666667,0.0106926766215636,0.132666666666667,0.00351188458428425,0.205,0.00754983443527076
11.4311111111111,0.476333333333333,0.00896288643983245,0.386,0.0104403065089106,0.205333333333333,0.0105039675043925,0.474333333333333,0.0132035348802255,0.411666666666667,0.0106926766215636,0.133333333333333,0.00351188458428425,0.209,0.00754983443527076
11.54,0.476,0.0095393920141694,0.387,0.0104403065089106,0.209333333333333,0.0105039675043925,0.474333333333333,0.0132035348802255,0.412333333333333,0.0102143689640297,0.134,0.003,0.212333333333333,0.00808290376865477
11.6488888888889,0.475666666666667,0.00929157324317751,0.386333333333333,0.0110151410945722,0.212666666666667,0.0110151410945722,0.474,0.0127671453348037,0.412333333333333,0.0102143689640297,0.134333333333333,0.00351188458428425,0.216333333333333,0.00808290376865477
11.7577777777778,0.476666666666667,0.00838649708360603,0.387333333333333,0.0102143689640297,0.217333333333333,0.0115036226178249,0.474666666666667,0.0133166562369587,0.413666666666667,0.010785793124909,0.135,0.003,0.22,0.00854400374531754
11.8666666666667,0.476,0.0095393920141694,0.387333333333333,0.0110151410945722,0.221333333333333,0.0115036226178249,0.474666666666667,0.0133166562369587,0.414,0.0105830052442584,0.135333333333333,0.00351188458428425,0.225,0.00854400374531754
11.9752777777778,0.476333333333333,0.00896288643983245,0.388,0.0104403065089106,0.225333333333333,0.0115036226178249,0.475333333333333,0.0132035348802255,0.414666666666667,0.010785793124909,0.136,0.003,0.228666666666667,0.0090184995056458
12.0841666666667,0.475666666666667,0.00929157324317751,0.388,0.0104403065089106,0.229666666666667,0.0115036226178249,0.474666666666667,0.0133166562369587,0.414666666666667,0.010785793124909,0.136666666666667,0.00251661147842359,0.233666666666667,0.00862167810425172
12.1933333333333,0.476,0.00871779788708129,0.387666666666667,0.010785793124909,0.234666666666667,0.0120138808606267,0.474333333333333,0.0132035348802255,0.414333333333333,0.0111504857891185,0.137,0.003,0.237666666666667,0.0090184995056458
12.3022222222222,0.475333333333333,0.00896288643983245,0.388,0.0113578166916006,0.238333333333333,0.0125033328890074,0.474666666666667,0.0133166562369587,0.415,0.0113578166916006,0.138,0.003,0.242333333333333,0.00907377172587746
12.4111111111111,0.475666666666667,0.00929157324317751,0.388,0.0113578166916006,0.243333333333333,0.0125033328890074,0.474666666666667,0.0133166562369587,0.415333333333333,0.0111504857891185,0.138,0.003,0.246666666666667,0.00901849950564578
12.52,0.476,0.00866025403784433,0.388333333333333,0.0111504857891185,0.247333333333333,0.0125033328890074,0.474666666666667,0.0133166562369587,0.416333333333333,0.0111504857891185,0.138666666666667,0.00251661147842359,0.250666666666667,0.00901849950564578
12.6288888888889,0.475666666666667,0.00838649708360603,0.389,0.0115325625946708,0.251333333333333,0.0125033328890074,0.474666666666667,0.0133166562369587,0.415666666666667,0.0109696551146029,0.139333333333333,0.0030550504633039,0.255333333333333,0.00907377172587746
12.7377777777778,0.475666666666667,0.00838649708360603,0.389666666666667,0.0117189305541646,0.256333333333333,0.0125033328890074,0.475333333333333,0.0132035348802255,0.416666666666667,0.0109696551146029,0.14,0.00264575131106459,0.259333333333333,0.00907377172587747
12.8466666666667,0.475666666666667,0.00757187779440031,0.39,0.0115325625946708,0.260333333333333,0.0125033328890074,0.475,0.0127671453348037,0.417,0.010816653826392,0.140333333333333,0.0030550504633039,0.264,0.00953939201416946
12.9555555555556,0.475333333333333,0.00814452781524702,0.39,0.0115325625946708,0.264333333333333,0.0125033328890074,0.475,0.0127671453348037,0.417,0.010816653826392,0.140666666666667,0.00321455025366432,0.267666666666667,0.0100166528008778
13.0644444444444,0.475666666666667,0.00838649708360603,0.391,0.0115325625946708,0.268333333333333,0.0125033328890074,0.475,0.0134536240470737,0.418333333333333,0.0104083299973307,0.141666666666667,0.00321455025366432,0.272,0.0105356537528527
13.1733333333333,0.475333333333333,0.00814452781524702,0.391333333333333,0.0113724814061547,0.272333333333333,0.0135030860670194,0.475666666666667,0.0133166562369587,0.418666666666667,0.0112398102000583,0.142,0.00264575131106459,0.276666666666667,0.0105987420637231
13.2822222222222,0.475,0.0078102496759066,0.391666666666667,0.0119303534454489,0.277,0.013,0.475666666666667,0.0133166562369587,0.419333333333333,0.0106926766215636,0.142666666666667,0.00321455025366432,0.280666666666667,0.0105987420637231
13.3911111111111,0.474,0.00871779788708129,0.391666666666667,0.0119303534454489,0.281,0.013,0.475666666666667,0.0133166562369587,0.419666666666667,0.0105987420637231,0.143333333333333,0.0030550504633039,0.284666666666667,0.0105987420637231
13.5,0.475,0.00871779788708129,0.392666666666667,0.0119303534454489,0.285333333333333,0.0125033328890074,0.476,0.0134536240470737,0.420666666666667,0.0115902257671425,0.143666666666667,0.00321455025366432,0.289666666666667,0.0110151410945722
13.6088888888889,0.474333333333333,0.00814452781524702,0.392666666666667,0.0119303534454489,0.29,0.013,0.475333333333333,0.0128970280814354,0.421,0.011,0.143666666666667,0.00321455025366432,0.294,0.0105356537528527
13.7177777777778,0.474666666666667,0.00838649708360603,0.393666666666667,0.0119303534454489,0.294666666666667,0.0125033328890074,0.475666666666667,0.0133166562369587,0.421666666666667,0.0105039675043925,0.144666666666667,0.00321455025366431,0.299,0.0105356537528527
13.8266666666667,0.474666666666667,0.00838649708360603,0.393666666666667,0.0119303534454489,0.299,0.013,0.476333333333333,0.0128970280814354,0.422,0.0105356537528527,0.145,0.00264575131106458,0.303,0.0101488915650922
13.9355555555556,0.474666666666667,0.00838649708360603,0.394,0.0117898261225516,0.303333333333333,0.0125033328890074,0.476333333333333,0.0128970280814354,0.423,0.0111355287256601,0.145333333333333,0.00288675134594812,0.307666666666667,0.010598742063723
14.0444444444444,0.475,0.00871779788708129,0.395,0.0117898261225516,0.308666666666667,0.0130128141972954,0.476666666666667,0.0133166562369587,0.423666666666667,0.0106926766215636,0.145666666666667,0.00321455025366431,0.312333333333333,0.0100664459136943
14.1533333333333,0.474333333333333,0.00896288643983245,0.395666666666667,0.0122202018532156,0.313333333333333,0.0135030860670194,0.477,0.0134536240470737,0.424333333333333,0.0102632028788938,0.146666666666667,0.00321455025366431,0.318,0.0105356537528527
14.2622222222222,0.474666666666667,0.00838649708360603,0.395666666666667,0.0122202018532156,0.318333333333333,0.0135030860670194,0.477,0.0134536240470737,0.424666666666667,0.0113724814061547,0.147333333333333,0.00288675134594812,0.322333333333333,0.011060440015358
14.3711111111111,0.474666666666667,0.00838649708360603,0.396333333333333,0.0116761865920913,0.324,0.014,0.477,0.0134536240470737,0.425333333333333,0.0109696551146029,0.148,0.00346410161513774,0.328666666666667,0.0100166528008778
14.48,0.474666666666667,0.00838649708360603,0.396666666666667,0.0122202018532156,0.329333333333333,0.014502873278538,0.477333333333333,0.0128970280814354,0.425333333333333,0.0109696551146029,0.148333333333333,0.00288675134594812,0.333666666666667,0.0110151410945722
14.5886111111111,0.474333333333333,0.00896288643983245,0.397,0.0121243556529822,0.334666666666667,0.0145028732785381,0.477666666666667,0.0133166562369587,0.426333333333333,0.0109696551146029,0.149,0.00346410161513774,0.339666666666667,0.0110151410945722
14.6975,0.474333333333333,0.00896288643983245,0.397333333333333,0.0116761865920913,0.34,0.014525839046334,0.477666666666667,0.0130511813003012,0.426666666666667,0.0111504857891185,0.149333333333333,0.00288675134594812,0.345333333333333,0.011060440015358
14.8063888888889,0.474333333333333,0.0080829037686547,0.397666666666667,0.0122202018532156,0.345666666666667,0.0145028732785381,0.477666666666667,0.0130511813003012,0.426333333333333,0.010785793124909,0.149666666666667,0.00321455025366431,0.350666666666667,0.0115902257671425
14.9152777777778,0.474,0.00871779788708129,0.397666666666667,0.0122202018532156,0.351,0.015,0.477666666666667,0.0130511813003012,0.427333333333333,0.010785793124909,0.15,0.00346410161513774,0.357,0.0115325625946708
15.0241666666667,0.474333333333333,0.00814452781524702,0.398333333333333,0.0116761865920913,0.356666666666667,0.015502687938978,0.478333333333333,0.0128970280814354,0.427666666666667,0.0110151410945722,0.151,0.00346410161513776,0.362666666666667,0.0115902257671425
15.1330555555556,0.474,0.00871779788708129,0.398666666666667,0.0122202018532156,0.363,0.016,0.478333333333333,0.0128970280814354,0.428666666666667,0.0110151410945722,0.151666666666667,0.00321455025366432,0.368333333333333,0.0120554275466834
15.2419444444444,0.474666666666667,0.00838649708360603,0.399,0.0121243556529822,0.369,0.016,0.478666666666667,0.0130511813003012,0.428666666666667,0.0110151410945722,0.152,0.00346410161513776,0.374666666666667,0.0115902257671425
15.3508333333333,0.474,0.00871779788708129,0.399666666666667,0.0115902257671425,0.375,0.016,0.478666666666667,0.0130511813003012,0.429,0.0112694276695847,0.152333333333333,0.00378593889720019,0.381,0.0125299640861417
15.4597222222222,0.474333333333333,0.00896288643983245,0.4,0.0121243556529822,0.381333333333333,0.0165025250593154,0.478666666666667,0.0130511813003012,0.429666666666667,0.0109696551146029,0.153,0.00346410161513776,0.387,0.0121243556529822
15.5686111111111,0.474,0.00871779788708129,0.4,0.0121243556529822,0.387,0.017,0.479,0.0134536240470737,0.43,0.0112694276695847,0.153333333333333,0.00378593889720019,0.394333333333333,0.0120554275466834
15.6775,0.474,0.00871779788708129,0.400333333333333,0.0116761865920913,0.393333333333333,0.0175023807904334,0.479333333333333,0.0128970280814354,0.430333333333333,0.0115470053837925,0.154333333333333,0.00378593889720019,0.400333333333333,0.0120554275466834
15.7863888888889,0.474,0.00871779788708129,0.401,0.0121243556529822,0.399666666666667,0.0180092568789868,0.479333333333333,0.0128970280814354,0.430333333333333,0.0115470053837925,0.154666666666667,0.00321455025366432,0.407,0.0125299640861417
15.8952777777778,0.474,0.00871779788708129,0.401333333333333,0.0120554275466834,0.406,0.0175214154679352,0.479666666666667,0.0130511813003012,0.431,0.0112694276695847,0.155333333333333,0.00378593889720019,0.413,0.013114877048604
16.0041666666667,0.474,0.00871779788708129,0.401333333333333,0.0116761865920913,0.412666666666667,0.0180092568789868,0.480333333333333,0.0128970280814354,0.431,0.0112694276695847,0.155666666666667,0.00321455025366432,0.418666666666667,0.0135769412362775
16.1130555555556,0.473333333333333,0.00907377172587741,0.401333333333333,0.0120554275466834,0.418333333333333,0.0185022521151706,0.479666666666667,0.0133166562369587,0.430666666666667,0.0110151410945722,0.156333333333333,0.00378593889720019,0.425,0.0135277492584687
16.2219444444444,0.474,0.00871779788708129,0.401666666666667,0.0115902257671425,0.424333333333333,0.0180369990112916,0.480333333333333,0.0128970280814354,0.431,0.0113578166916006,0.156666666666667,0.00321455025366432,0.431,0.0135277492584687
16.3308333333333,0.473666666666667,0.00929157324317751,0.402,0.0121243556529822,0.430666666666667,0.0180092568789868,0.479666666666667,0.0130511813003012,0.430333333333333,0.010785793124909,0.157333333333333,0.00378593889720019,0.436,0.0135277492584687
16.4397222222222,0.473666666666667,0.00945163125250516,0.402333333333333,0.0120554275466834,0.436333333333333,0.0185022521151706,0.479666666666667,0.0133166562369587,0.430666666666667,0.0102143689640297,0.158,0.00346410161513776,0.441,0.0115325625946708
16.5486111111111,0.473666666666667,0.00850490054811533,0.402666666666667,0.0115902257671425,0.441666666666667,0.0170098010962308,0.48,0.0127671453348037,0.431,0.0105830052442584,0.158333333333333,0.00378593889720019,0.444,0.0115325625946708
16.6575,0.473666666666667,0.00929157324317751,0.402666666666667,0.0115902257671425,0.445333333333333,0.0170391705588428,0.480333333333333,0.0128970280814354,0.431,0.0105830052442584,0.159333333333333,0.00378593889720019,0.446333333333333,0.0115036226178249
16.7663888888889,0.473333333333333,0.00907377172587741,0.403,0.0121243556529822,0.448,0.0165227116418583,0.480333333333333,0.0128970280814354,0.431333333333333,0.0109696551146029,0.159333333333333,0.00378593889720019,0.447,0.0105356537528527
16.8752777777778,0.474,0.00871779788708129,0.403666666666667,0.0115902257671425,0.45,0.014525839046334,0.480666666666667,0.0133166562369587,0.432,0.010816653826392,0.160333333333333,0.00378593889720019,0.447,0.0105356537528527
16.9841666666667,0.473666666666667,0.00929157324317751,0.403333333333333,0.0116761865920913,0.450333333333333,0.0150443787951957,0.481,0.0137477270848675,0.431666666666667,0.0106926766215636,0.160333333333333,0.00378593889720019,0.445333333333333,0.0105039675043925
17.0930555555556,0.473666666666667,0.00929157324317751,0.403333333333333,0.0120554275466834,0.450666666666667,0.0140118997046558,0.481,0.0137477270848675,0.431666666666667,0.0106926766215636,0.161333333333333,0.00378593889720019,0.447666666666667,0.0100166528008778
17.2019444444444,0.473666666666667,0.00929157324317751,0.403666666666667,0.0115902257671425,0.451,0.0141067359796659,0.481333333333333,0.0138684293751431,0.432,0.0101488915650922,0.162,0.00435889894354068,0.448,0.01
17.3108333333333,0.473666666666667,0.00929157324317751,0.403666666666667,0.0115902257671425,0.450333333333333,0.014047538337137,0.481666666666667,0.0133166562369587,0.432,0.0101488915650922,0.162333333333333,0.00378593889720019,0.447333333333333,0.00950438495292218
17.4197222222222,0.472666666666667,0.00929157324317751,0.403666666666667,0.0115902257671425,0.451,0.0135277492584687,0.481333333333333,0.0132035348802255,0.432,0.0101488915650922,0.163,0.00435889894354068,0.447333333333333,0.00950438495292218
17.5286111111111,0.473333333333333,0.00907377172587741,0.403666666666667,0.0115902257671425,0.45,0.0135277492584687,0.481333333333333,0.0132035348802255,0.431333333333333,0.0105987420637231,0.163666666666667,0.00404145188432738,0.447,0.01
17.6375,0.473666666666667,0.00929157324317751,0.404,0.0115325625946708,0.450333333333333,0.0130511813003013,0.481333333333333,0.0128970280814354,0.431666666666667,0.0100664459136943,0.164,0.00435889894354068,0.446333333333333,0.0100166528008778
17.7463888888889,0.473666666666667,0.00929157324317751,0.404666666666667,0.0115902257671425,0.450666666666667,0.0125830573921179,0.481333333333333,0.0128970280814354,0.432666666666667,0.0100664459136943,0.165,0.00435889894354068,0.447666666666667,0.00950438495292218
17.8552777777778,0.473,0.0095393920141694,0.404666666666667,0.0115902257671425,0.451,0.0115325625946708,0.482,0.0127671453348037,0.432333333333333,0.00960902353693306,0.165,0.00435889894354068,0.447333333333333,0.0090184995056458
17.9641666666667,0.473333333333333,0.00896288643983245,0.405333333333333,0.0120554275466834,0.450333333333333,0.0120554275466834,0.482,0.0127671453348037,0.432666666666667,0.00950438495292218,0.166333333333333,0.00461880215351701,0.447666666666667,0.00950438495292218
18.0730555555556,0.473666666666667,0.00923760430703396,0.405333333333333,0.011060440015358,0.450666666666667,0.0115902257671425,0.482,0.0127671453348037,0.432666666666667,0.00950438495292218,0.166666666666667,0.00404145188432738,0.448,0.00854400374531754
18.1819444444444,0.474333333333333,0.00896288643983245,0.405666666666667,0.0115902257671425,0.451,0.0115325625946708,0.482,0.0127671453348037,0.432333333333333,0.00950438495292218,0.167333333333333,0.00461880215351701,0.446333333333333,0.0090184995056458
18.2908333333333,0.473666666666667,0.00923760430703396,0.405666666666667,0.0115902257671425,0.451,0.0115325625946708,0.482333333333333,0.0128970280814354,0.432666666666667,0.0090184995056458,0.168333333333333,0.00461880215351701,0.448,0.00854400374531754
18.3994444444444,0.473666666666667,0.00923760430703396,0.405666666666667,0.0115902257671425,0.451,0.0115325625946708,0.483,0.0127671453348037,0.433,0.00900000000000001,0.168666666666667,0.00404145188432738,0.448,0.00854400374531754
18.5083333333333,0.473,0.0095393920141694,0.406,0.0115325625946708,0.451,0.0115325625946708,0.482333333333333,0.0128970280814354,0.432666666666667,0.0090184995056458,0.169333333333333,0.00461880215351701,0.448666666666667,0.00808290376865477
18.6172222222222,0.473333333333333,0.00896288643983245,0.406333333333333,0.011060440015358,0.451666666666667,0.0110151410945722,0.482666666666667,0.0123423390543824,0.433333333333333,0.00950438495292218,0.170333333333333,0.00461880215351701,0.448666666666667,0.00850490054811539
18.7261111111111,0.473666666666667,0.00923760430703396,0.406666666666667,0.0115902257671425,0.451,0.0115325625946708,0.482666666666667,0.0133166562369587,0.433333333333333,0.0100664459136943,0.170333333333333,0.00461880215351701,0.448666666666667,0.00808290376865477
18.835,0.473333333333333,0.00896288643983245,0.406666666666667,0.0115902257671425,0.452333333333333,0.0115036226178249,0.483,0.0127671453348037,0.434333333333333,0.0100664459136943,0.171666666666667,0.00404145188432738,0.449,0.00754983443527076
18.9438888888889,0.473333333333333,0.00896288643983245,0.407,0.0111355287256601,0.452,0.0105356537528527,0.482333333333333,0.0122202018532155,0.434333333333333,0.0106926766215636,0.172,0.00435889894354068,0.449333333333333,0.00763762615825974
19.0527777777778,0.473333333333333,0.00896288643983245,0.407333333333333,0.0120554275466834,0.452666666666667,0.0110151410945722,0.482666666666667,0.0123423390543824,0.434333333333333,0.0106926766215636,0.172666666666667,0.00493288286231625,0.449666666666667,0.00776745346515404
19.1616666666667,0.473333333333333,0.00896288643983245,0.407666666666667,0.0115902257671425,0.452666666666667,0.0110151410945722,0.482666666666667,0.0123423390543824,0.434,0.0101488915650922,0.173666666666667,0.00493288286231625,0.45,0.00721110255092799
19.2705555555556,0.473,0.0095393920141694,0.407,0.0111355287256601,0.452333333333333,0.0105039675043925,0.482666666666667,0.0123423390543824,0.434666666666667,0.0102632028788938,0.174333333333333,0.00472581562625261,0.449666666666667,0.00776745346515404
19.3797222222222,0.472,0.00866025403784433,0.407666666666667,0.0115902257671425,0.453,0.01,0.482666666666667,0.0123423390543824,0.434666666666667,0.0102632028788938,0.175,0.00529150262212919,0.450333333333333,0.007371114795832
19.4886111111111,0.473,0.00871779788708129,0.407333333333333,0.011060440015358,0.453,0.01,0.483,0.0117898261225515,0.435,0.010816653826392,0.175666666666667,0.00493288286231625,0.450333333333333,0.0066583281184794
19.5975,0.473,0.00866025403784433,0.407666666666667,0.0115902257671425,0.453,0.01,0.483333333333333,0.0119303534454488,0.435333333333333,0.0113724814061547,0.176666666666667,0.00493288286231625,0.451,0.00721110255092799
19.7063888888889,0.472666666666667,0.00838649708360603,0.407666666666667,0.0105987420637231,0.453666666666667,0.00950438495292218,0.483333333333333,0.0119303534454488,0.435333333333333,0.0113724814061547,0.177,0.00529150262212919,0.450666666666667,0.00709459888459759
19.8152777777778,0.472,0.00866025403784433,0.407666666666667,0.0115902257671425,0.453666666666667,0.00950438495292218,0.483333333333333,0.0119303534454488,0.435333333333333,0.0113724814061547,0.178,0.00529150262212919,0.451333333333333,0.0066583281184794
19.9241666666667,0.472666666666667,0.00838649708360603,0.408333333333333,0.011060440015358,0.454333333333333,0.0100166528008778,0.483666666666667,0.0120968315410827,0.436,0.0115325625946708,0.179,0.00529150262212919,0.451666666666667,0.00585946527708232
20.0330555555556,0.472333333333333,0.00814452781524702,0.407666666666667,0.0115902257671425,0.454333333333333,0.00950438495292218,0.483333333333333,0.0117189305541646,0.435666666666667,0.0117189305541646,0.179666666666667,0.00513160143944689,0.451666666666667,0.00585946527708232
20.1419444444444,0.472333333333333,0.0080829037686547,0.409,0.0111355287256601,0.455,0.01,0.484,0.0115325625946707,0.437,0.0122882057274445,0.180666666666667,0.00513160143944689,0.452333333333333,0.00550757054728611
20.2508333333333,0.472333333333333,0.0080829037686547,0.408666666666667,0.0115902257671425,0.454666666666667,0.00950438495292218,0.483333333333333,0.0117189305541646,0.437333333333333,0.0128582010146573,0.181333333333333,0.00568624070307733,0.452333333333333,0.00550757054728611
20.3597222222222,0.472333333333333,0.0080829037686547,0.409,0.0115325625946708,0.455333333333333,0.0090184995056458,0.484333333333333,0.0117189305541646,0.437333333333333,0.0128582010146573,0.182333333333333,0.00568624070307733,0.452666666666667,0.00493288286231625
20.4686111111111,0.471666666666667,0.00838649708360603,0.409,0.0111355287256601,0.455,0.00953939201416946,0.483666666666667,0.0111504857891184,0.437,0.013076696830622,0.183,0.00556776436283003,0.453666666666667,0.00493288286231625
20.5775,0.472333333333333,0.0080829037686547,0.409666666666667,0.0115902257671425,0.455333333333333,0.0090184995056458,0.484,0.0115325625946707,0.437666666666667,0.0125033328890074,0.184,0.00556776436283003,0.453666666666667,0.00404145188432738
20.6863888888889,0.472666666666667,0.00838649708360603,0.409333333333333,0.0116761865920913,0.455666666666667,0.00907377172587747,0.483666666666667,0.0111504857891184,0.437666666666667,0.0125033328890074,0.184666666666667,0.00611010092660779,0.454,0.00519615242270664
20.795,0.472,0.0078102496759066,0.409333333333333,0.011060440015358,0.455666666666667,0.00907377172587747,0.483666666666667,0.0111504857891184,0.437333333333333,0.0127410099024109,0.186,0.00655743852430201,0.454333333333333,0.00461880215351701
20.9038888888889,0.471666666666667,0.00757187779440031,0.41,0.0117898261225516,0.456333333333333,0.00862167810425172,0.484,0.0113578166916005,0.437666666666667,0.0125033328890074,0.187,0.00655743852430201,0.454333333333333,0.00472581562625261
21.0130555555556,0.472,0.00692820323027545,0.410333333333333,0.0116761865920913,0.456333333333333,0.00802080627701065,0.484333333333333,0.0107857931249089,0.437666666666667,0.0133166562369588,0.188,0.00655743852430198,0.454333333333333,0.00472581562625261
21.1219444444444,0.472333333333333,0.00723417813807018,0.41,0.0111355287256601,0.456333333333333,0.00862167810425172,0.483666666666667,0.0111504857891184,0.437666666666667,0.0124230967690562,0.188666666666667,0.00650640709864769,0.455,0.00458257569495584
21.2308333333333,0.472,0.00692820323027545,0.41,0.0111355287256601,0.456666666666667,0.00808290376865477,0.484333333333333,0.0107857931249089,0.438,0.0121655250605964,0.19,0.00655743852430198,0.454666666666667,0.00513160143944689
21.3397222222222,0.471666666666667,0.00665832811847933,0.41,0.0121243556529822,0.457,0.00818535277187246,0.484,0.0105830052442583,0.437666666666667,0.0124230967690562,0.191333333333333,0.00702376916856847,0.455333333333333,0.00568624070307733
21.4486111111111,0.471666666666667,0.00665832811847933,0.410333333333333,0.0116761865920913,0.456666666666667,0.00776745346515404,0.484333333333333,0.0107857931249089,0.438,0.0121655250605964,0.192,0.00699999999999998,0.455666666666667,0.00513160143944689
21.5575,0.471666666666667,0.00665832811847933,0.410333333333333,0.0116761865920913,0.456666666666667,0.00776745346515404,0.483666666666667,0.0111504857891184,0.437333333333333,0.0118462370959446,0.193333333333333,0.00750555349946511,0.455666666666667,0.00513160143944689
21.6663888888889,0.471666666666667,0.00665832811847933,0.41,0.0121243556529822,0.456666666666667,0.00776745346515404,0.483666666666667,0.0102143689640297,0.437333333333333,0.0118462370959446,0.194,0.00699999999999998,0.455333333333333,0.00568624070307733
21.7752777777778,0.472,0.00608276253029816,0.410333333333333,0.0116761865920913,0.457333333333333,0.007371114795832,0.484333333333333,0.00986576572463244,0.438,0.0121243556529822,0.195333333333333,0.00750555349946511,0.455,0.00556776436283003
21.8841666666667,0.472,0.00608276253029816,0.411,0.0121243556529822,0.458333333333333,0.00832666399786454,0.484,0.0096436507609929,0.438333333333333,0.0118462370959446,0.196333333333333,0.00750555349946511,0.455,0.00556776436283003
21.9930555555556,0.471666666666667,0.00665832811847933,0.411,0.0121243556529822,0.457666666666667,0.00776745346515404,0.484,0.0104403065089105,0.438,0.0112694276695847,0.197666666666667,0.00802080627701062,0.455333333333333,0.00503322295684717
22.1019444444444,0.472,0.00608276253029816,0.410666666666667,0.0122202018532156,0.457666666666667,0.00776745346515404,0.483666666666667,0.0102143689640297,0.437666666666667,0.0115470053837925,0.198666666666667,0.00802080627701062,0.455,0.00556776436283003
22.2108333333333,0.471,0.00608276253029819,0.411,0.0121243556529822,0.458,0.00781024967590666,0.484,0.0096436507609929,0.437666666666667,0.0115470053837925,0.2,0.00854400374531751,0.454666666666667,0.00550757054728611
22.3197222222222,0.471666666666667,0.00665832811847933,0.411333333333333,0.0116761865920913,0.458,0.00700000000000001,0.484,0.0096436507609929,0.437666666666667,0.0115470053837925,0.201333333333333,0.00850490054811536,0.455,0.00556776436283003
22.4286111111111,0.471666666666667,0.0057735026918962,0.411,0.0111355287256601,0.458,0.00781024967590666,0.484,0.0096436507609929,0.437666666666667,0.0115470053837925,0.202333333333333,0.00907377172587747,0.455,0.00556776436283003
22.5375,0.471333333333333,0.0064291005073286,0.411,0.0111355287256601,0.458,0.00781024967590666,0.484,0.0096436507609929,0.437666666666667,0.0115470053837925,0.203666666666667,0.00960902353693306,0.455,0.00556776436283003
22.6463888888889,0.471,0.00608276253029819,0.411,0.0117898261225516,0.458,0.00781024967590666,0.484333333333333,0.00907377172587741,0.438333333333333,0.0118462370959446,0.205333333333333,0.00907377172587747,0.455,0.00556776436283003
22.7555555555556,0.470333333333333,0.00635085296108589,0.411,0.0111355287256601,0.458333333333333,0.00723417813807024,0.484333333333333,0.00907377172587741,0.438333333333333,0.0118462370959446,0.206666666666667,0.00960902353693306,0.455,0.00556776436283003
22.8644444444444,0.471,0.00608276253029819,0.411,0.0111355287256601,0.458333333333333,0.00723417813807024,0.484333333333333,0.00814452781524708,0.438333333333333,0.0118462370959446,0.208,0.0101488915650922,0.454666666666667,0.00513160143944689
22.9733333333333,0.470666666666667,0.00665832811847936,0.411,0.0111355287256601,0.458666666666667,0.00750555349946514,0.484666666666667,0.00757187779440037,0.438666666666667,0.0115902257671425,0.209,0.0101488915650922,0.454666666666667,0.00550757054728611
23.0822222222222,0.471333333333333,0.00635085296108583,0.411,0.0111355287256601,0.458333333333333,0.00723417813807024,0.485,0.00781024967590666,0.438333333333333,0.0110151410945722,0.210333333333333,0.0106926766215636,0.454,0.00556776436283003
23.1911111111111,0.471,0.00608276253029819,0.411333333333333,0.0106926766215636,0.458666666666667,0.00750555349946514,0.484666666666667,0.00757187779440037,0.438666666666667,0.0115902257671425,0.211666666666667,0.0105987420637231,0.454,0.00556776436283003
23.3,0.470333333333333,0.0064291005073286,0.411333333333333,0.0100664459136943,0.459,0.00781024967590666,0.484666666666667,0.00757187779440037,0.438666666666667,0.0115902257671425,0.213333333333333,0.0106926766215636,0.454,0.00556776436283003
23.4091666666667,0.471,0.00608276253029819,0.411333333333333,0.0106926766215636,0.458333333333333,0.00814452781524709,0.485333333333333,0.00723417813807024,0.438666666666667,0.0115902257671425,0.214666666666667,0.0112398102000583,0.453666666666667,0.00611010092660779
23.5180555555556,0.47,0.00608276253029822,0.411666666666667,0.0105987420637231,0.459,0.00793725393319378,0.484333333333333,0.00723417813807024,0.439,0.0113578166916006,0.216,0.0117898261225516,0.453333333333333,0.00503322295684717
23.6269444444444,0.469666666666667,0.00585946527708232,0.411666666666667,0.0105987420637231,0.459,0.00781024967590666,0.484666666666667,0.00757187779440037,0.439,0.0113578166916006,0.217666666666667,0.0112398102000583,0.453,0.00556776436283003
23.7361111111111,0.47,0.00699999999999997,0.411666666666667,0.0105987420637231,0.459333333333333,0.007371114795832,0.485333333333333,0.00723417813807024,0.439,0.0104403065089106,0.218666666666667,0.0112398102000583,0.453333333333333,0.00503322295684717
23.8452777777778,0.47,0.00608276253029822,0.412,0.0101488915650922,0.459333333333333,0.007371114795832,0.485,0.00781024967590666,0.439,0.0113578166916006,0.220333333333333,0.0123423390543824,0.453666666666667,0.00513160143944689
23.9544444444444,0.47,0.00608276253029822,0.412333333333333,0.0100664459136943,0.459333333333333,0.007371114795832,0.485333333333333,0.00723417813807024,0.439333333333333,0.0111504857891185,0.222,0.0117898261225516,0.453666666666667,0.00513160143944689
24.0633333333333,0.469666666666667,0.0066583281184794,0.411666666666667,0.00960902353693306,0.459,0.00721110255092799,0.485333333333333,0.00723417813807024,0.439333333333333,0.0111504857891185,0.223333333333333,0.0123423390543824,0.453333333333333,0.00503322295684717
24.1725,0.47,0.00608276253029822,0.412666666666667,0.00960902353693306,0.459666666666667,0.00776745346515404,0.485666666666667,0.00750555349946514,0.44,0.0113578166916006,0.225333333333333,0.0123423390543824,0.453333333333333,0.00503322295684717
24.2813888888889,0.47,0.00608276253029822,0.413,0.00916515138991169,0.459666666666667,0.00776745346515404,0.485333333333333,0.00723417813807024,0.44,0.0105830052442584,0.226,0.0134536240470737,0.453333333333333,0.00568624070307733
24.3905555555556,0.47,0.00608276253029822,0.412666666666667,0.00960902353693306,0.459333333333333,0.007371114795832,0.485333333333333,0.00723417813807024,0.44,0.0105830052442584,0.227666666666667,0.0128970280814354,0.453,0.00556776436283003
24.4994444444444,0.47,0.00608276253029822,0.413333333333333,0.00907377172587747,0.46,0.00721110255092799,0.485,0.00692820323027552,0.44,0.0105830052442584,0.229,0.0124899959967968,0.453,0.00556776436283003
24.6086111111111,0.469333333333333,0.00642910050732864,0.413,0.00916515138991169,0.459,0.00721110255092799,0.485,0.00692820323027552,0.440333333333333,0.0104083299973307,0.230666666666667,0.0128970280814354,0.453,0.00556776436283003
24.7175,0.469333333333333,0.00642910050732864,0.413666666666667,0.00862167810425172,0.459333333333333,0.00763762615825974,0.485,0.00692820323027552,0.44,0.010816653826392,0.231666666666667,0.0128970280814354,0.452666666666667,0.00611010092660779
24.8263888888889,0.469333333333333,0.00635085296108589,0.413666666666667,0.00862167810425172,0.46,0.00721110255092799,0.485666666666667,0.0066583281184794,0.440333333333333,0.0104083299973307,0.234,0.0134536240470737,0.452666666666667,0.00550757054728611
24.9355555555556,0.469333333333333,0.00642910050732864,0.414,0.00916515138991169,0.459333333333333,0.0066583281184794,0.485333333333333,0.00723417813807024,0.440333333333333,0.0104083299973307,0.235,0.0134536240470737,0.452,0.00556776436283003
25.0444444444444,0.469,0.0062449979983984,0.414666666666667,0.00763762615825974,0.459666666666667,0.00611010092660779,0.486333333333333,0.00723417813807024,0.440666666666667,0.0102632028788938,0.236666666666667,0.0136137185711081,0.452,0.00556776436283003
25.1536111111111,0.469,0.00700000000000001,0.414666666666667,0.007371114795832,0.459,0.0062449979983984,0.485666666666667,0.00757187779440037,0.440333333333333,0.0104083299973307,0.238,0.014422205101856,0.452,0.00556776436283003
25.2625,0.469,0.00608276253029822,0.416,0.00721110255092799,0.459666666666667,0.00611010092660779,0.485666666666667,0.00680685928555405,0.440666666666667,0.0102632028788938,0.239666666666667,0.0145716619962629,0.451666666666667,0.00550757054728611
25.3716666666667,0.469,0.00608276253029822,0.415333333333333,0.00709459888459759,0.459333333333333,0.00568624070307733,0.486,0.00700000000000001,0.440666666666667,0.0102632028788938,0.241,0.0151327459504216,0.451666666666667,0.00550757054728611
25.4805555555556,0.468,0.00608276253029823,0.416,0.0062449979983984,0.459666666666667,0.00611010092660779,0.485666666666667,0.00680685928555405,0.440666666666667,0.0102632028788938,0.242666666666667,0.0145716619962629,0.451333333333333,0.00568624070307733
25.5897222222222,0.468666666666667,0.00577350269189626,0.416333333333333,0.00611010092660779,0.46,0.00556776436283003,0.486333333333333,0.00642910050732864,0.440666666666667,0.0102632028788938,0.244,0.0151327459504216,0.451333333333333,0.00602771377334171
25.6986111111111,0.469,0.00608276253029822,0.417,0.0062449979983984,0.459333333333333,0.00602771377334171,0.486333333333333,0.00642910050732864,0.441,0.0101488915650922,0.246,0.0158745078663875,0.451,0.00556776436283003
25.8077777777778,0.469,0.00608276253029822,0.417333333333333,0.00611010092660779,0.459,0.00556776436283003,0.486666666666667,0.00585946527708232,0.441,0.0101488915650922,0.247333333333333,0.0156950098226581,0.451,0.00556776436283003
25.9166666666667,0.468666666666667,0.0066583281184794,0.416666666666667,0.0066583281184794,0.459333333333333,0.00602771377334171,0.486666666666667,0.00585946527708232,0.441333333333333,0.0100664459136943,0.249333333333333,0.0156950098226581,0.451,0.00556776436283003
26.0258333333333,0.468666666666667,0.00585946527708232,0.417333333333333,0.00611010092660779,0.458666666666667,0.00550757054728611,0.486333333333333,0.00568624070307733,0.441,0.0101488915650922,0.250666666666667,0.0162583311976763,0.450666666666667,0.00513160143944689
26.1347222222222,0.469,0.00608276253029822,0.417666666666667,0.00602771377334171,0.459,0.00556776436283003,0.486333333333333,0.00568624070307733,0.441666666666667,0.0105987420637231,0.252666666666667,0.0162583311976763,0.450333333333333,0.00602771377334171
26.2438888888889,0.468666666666667,0.00577350269189626,0.418,0.00600000000000001,0.459333333333333,0.00602771377334171,0.486333333333333,0.00568624070307733,0.442333333333333,0.0100664459136943,0.254,0.0168226038412607,0.451,0.00556776436283003
26.3527777777778,0.468333333333333,0.00635085296108589,0.418,0.00600000000000001,0.458333333333333,0.00602771377334171,0.486,0.00529150262212919,0.442333333333333,0.0100664459136943,0.255666666666667,0.0170098010962308,0.450666666666667,0.00550757054728611
26.4619444444444,0.468,0.00608276253029823,0.418,0.00600000000000001,0.458333333333333,0.00602771377334171,0.486333333333333,0.00568624070307733,0.442,0.00953939201416946,0.257,0.0168226038412607,0.45,0.00556776436283003
26.5708333333333,0.467333333333333,0.00635085296108589,0.417666666666667,0.00650640709864772,0.458333333333333,0.00602771377334171,0.486,0.00529150262212919,0.442,0.0105356537528527,0.259,0.0177763888346312,0.449333333333333,0.00503322295684717
